t_utc,true_label,pred_prob,pred_label,model_version,http_status
2026-09-22T07:24:49Z,,,,,"ERR:HTTPSConnectionPool(host='itcs355-serve.lemonmoss-4d9a49c1.japanwest.azurecontainerapps.io', port=443): Read timed out. (read timeout=20)"
2026-09-22T07:25:10Z,,,,,"ERR:HTTPSConnectionPool(host='itcs355-serve.lemonmoss-4d9a49c1.japanwest.azurecontainerapps.io', port=443): Read timed out. (read timeout=20)"
2026-09-22T07:25:10Z,0.0,0.0919310934107833,0,4,200
2026-09-22T07:25:10Z,0.0,0.1113970205973513,0,4,200
2026-09-22T07:25:10Z,1.0,0.31126062206544675,0,4,200
2026-09-22T07:25:10Z,0.0,0.0919310934107833,0,4,200
2026-09-22T07:25:10Z,0.0,0.05995981709550093,0,4,200
2026-09-22T07:25:10Z,0.0,0.05351860459454612,0,4,200
2026-09-22T07:25:10Z,0.0,0.06091445549689052,0,4,200
2026-09-22T07:25:10Z,0.0,0.05351860459454612,0,4,200
2026-09-22T07:25:10Z,0.0,0.1165653180580585,0,4,200
2026-09-22T07:25:10Z,0.0,0.05351860459454612,0,4,200
2026-09-22T07:25:10Z,0.0,0.18823622872359871,0,4,200
2026-09-22T07:25:10Z,0.0,0.18755016146611564,0,4,200
2026-09-22T07:25:10Z,0.0,0.05351860459454612,0,4,200
2026-09-22T07:25:10Z,0.0,0.05351860459454612,0,4,200
2026-09-22T07:25:10Z,0.0,0.05351860459454612,0,4,200
2026-09-22T07:25:10Z,0.0,0.05351860459454612,0,4,200
2026-09-22T07:25:10Z,0.0,0.1165653180580585,0,4,200
2026-09-22T07:25:10Z,0.0,0.05351860459454612,0,4,200
2026-09-22T07:25:10Z,0.0,0.0586869020552533,0,4,200
2026-09-22T07:25:10Z,0.0,0.06091445549689052,0,4,200
2026-09-22T07:25:30Z,,,,,"ERR:HTTPSConnectionPool(host='itcs355-serve.lemonmoss-4d9a49c1.japanwest.azurecontainerapps.io', port=443): Read timed out. (read timeout=20)"
2026-09-22T07:25:31Z,0.0,0.02637687587546794,0,2,200
2026-09-22T07:25:31Z,0.0,0.19145475425084868,0,2,200
2026-09-22T07:25:31Z,0.0,0.12072987548441613,0,2,200
2026-09-22T07:25:31Z,0.0,0.030522391483040385,0,2,200
2026-09-22T07:25:31Z,1.0,0.3656789623489576,0,2,200
2026-09-22T07:25:31Z,0.0,0.2490649164226209,0,2,200
2026-09-22T07:25:31Z,0.0,0.10313639102011982,0,2,200
2026-09-22T07:25:31Z,1.0,0.47682582988139993,0,2,200
2026-09-22T07:25:31Z,0.0,0.2953446542193474,0,2,200
2026-09-22T07:25:31Z,0.0,0.17577258631243775,0,2,200
2026-09-22T07:25:31Z,0.0,0.016981131974241514,0,2,200
2026-09-22T07:25:31Z,0.0,0.030221424066740735,0,2,200
2026-09-22T07:25:31Z,1.0,0.20435912454209706,0,2,200
2026-09-22T07:25:31Z,1.0,0.5495526621086776,1,2,200
2026-09-22T07:25:31Z,0.0,0.05014528892758923,0,2,200
2026-09-22T07:25:31Z,0.0,0.0474208755018315,0,2,200
2026-09-22T07:25:31Z,0.0,0.11132985820775493,0,2,200
2026-09-22T07:25:31Z,0.0,0.01282691194686035,0,2,200
2026-09-22T07:25:31Z,0.0,0.01874757630736797,0,2,200
2026-09-22T07:25:31Z,0.0,0.01977875086618179,0,2,200
2026-09-22T07:25:31Z,1.0,0.2090899831526037,0,2,200
2026-09-22T07:25:31Z,0.0,0.0768557930290689,0,2,200
2026-09-22T07:25:31Z,0.0,0.1877435449209267,0,2,200
2026-09-22T07:25:31Z,0.0,0.014328575876997233,0,2,200
2026-09-22T07:25:31Z,0.0,0.18905351336558493,0,2,200
2026-09-22T07:25:31Z,1.0,0.19221364384742126,0,2,200
2026-09-22T07:25:31Z,0.0,0.026885011282095004,0,2,200
2026-09-22T07:25:31Z,0.0,0.019814305258879828,0,2,200
2026-09-22T07:25:31Z,0.0,0.012956851212043428,0,2,200
2026-09-22T07:25:31Z,0.0,0.10855085463879767,0,2,200
2026-09-22T07:25:31Z,0.0,0.013799743416164061,0,2,200
2026-09-22T07:25:31Z,0.0,0.09997402959865782,0,2,200
2026-09-22T07:25:31Z,0.0,0.08162540999318825,0,2,200
2026-09-22T07:25:31Z,0.0,0.02825310599460059,0,2,200
2026-09-22T07:25:31Z,0.0,0.05843273775550137,0,2,200
2026-09-22T07:25:31Z,0.0,0.04317822755737906,0,2,200
2026-09-22T07:25:31Z,0.0,0.026160522934236537,0,2,200
2026-09-22T07:25:31Z,0.0,0.17683920744744708,0,2,200
2026-09-22T07:25:31Z,0.0,0.0722776662456775,0,2,200
2026-09-22T07:25:31Z,0.0,0.05134986912720074,0,2,200
2026-09-22T07:25:32Z,1.0,0.07022149073364656,0,2,200
2026-09-22T07:25:32Z,0.0,0.14278463926368964,0,2,200
2026-09-22T07:25:32Z,0.0,0.02989225567017641,0,2,200
2026-09-22T07:25:32Z,0.0,0.09382608056109161,0,2,200
2026-09-22T07:25:32Z,0.0,0.10296768678805186,0,2,200
2026-09-22T07:25:32Z,0.0,0.08492873167002023,0,2,200
2026-09-22T07:25:32Z,0.0,0.029178812057168154,0,2,200
2026-09-22T07:25:32Z,0.0,0.22701013903016737,0,2,200
2026-09-22T07:25:32Z,0.0,0.3542081644507625,0,2,200
2026-09-22T07:25:32Z,0.0,0.01867000091846589,0,2,200
2026-09-22T07:25:32Z,0.0,0.01977875086618179,0,2,200
2026-09-22T07:25:32Z,0.0,0.19345083005721903,0,2,200
2026-09-22T07:25:32Z,0.0,0.06902319836875624,0,2,200
2026-09-22T07:25:32Z,0.0,0.03247385959961202,0,2,200
2026-09-22T07:25:32Z,0.0,0.013846838650652553,0,2,200
2026-09-22T07:25:32Z,0.0,0.026048729196353634,0,2,200
2026-09-22T07:25:32Z,0.0,0.11933643530446528,0,2,200
2026-09-22T07:25:32Z,0.0,0.17940380662426048,0,2,200
2026-09-22T07:25:32Z,0.0,0.12607674125168214,0,2,200
2026-09-22T07:25:32Z,0.0,0.017832940864060204,0,2,200
2026-09-22T07:25:32Z,0.0,0.22858241412936875,0,2,200
2026-09-22T07:25:32Z,0.0,0.049896048059215416,0,2,200
2026-09-22T07:25:32Z,0.0,0.03230609634033482,0,2,200
2026-09-22T07:25:32Z,0.0,0.013712349641730771,0,2,200
2026-09-22T07:25:32Z,0.0,0.03248909504305357,0,2,200
2026-09-22T07:25:32Z,0.0,0.11779118586896578,0,2,200
2026-09-22T07:25:32Z,0.0,0.01696326071192877,0,2,200
2026-09-22T07:25:32Z,0.0,0.040758579396484994,0,2,200
2026-09-22T07:25:32Z,0.0,0.1305597246263993,0,2,200
2026-09-22T07:25:32Z,0.0,0.4447200208341847,0,2,200
2026-09-22T07:25:32Z,0.0,0.013244382669117085,0,2,200
2026-09-22T07:25:32Z,1.0,0.272672184649941,0,2,200
2026-09-22T07:25:32Z,0.0,0.06846610105079519,0,2,200
2026-09-22T07:25:32Z,0.0,0.042849337839941624,0,2,200
2026-09-22T07:25:32Z,0.0,0.012956851212043428,0,2,200
2026-09-22T07:25:32Z,0.0,0.03207635528465022,0,2,200
2026-09-22T07:25:32Z,0.0,0.01817210914439063,0,2,200
2026-09-22T07:25:32Z,0.0,0.014071985587035946,0,2,200
2026-09-22T07:25:32Z,1.0,0.4948526442651092,0,2,200
2026-09-22T07:25:32Z,0.0,0.034969326106256166,0,2,200
2026-09-22T07:25:32Z,0.0,0.02687424837188278,0,2,200
2026-09-22T07:25:32Z,0.0,0.013648066132453729,0,2,200
2026-09-22T07:25:32Z,0.0,0.02637687587546794,0,2,200
2026-09-22T07:25:32Z,0.0,0.061867459411556476,0,2,200
2026-09-22T07:25:32Z,0.0,0.11132985820775493,0,2,200
2026-09-22T07:25:32Z,0.0,0.014588177150798702,0,2,200
2026-09-22T07:25:32Z,1.0,0.042527019238748964,0,2,200
2026-09-22T07:25:32Z,0.0,0.387729623207335,0,2,200
2026-09-22T07:25:32Z,0.0,0.014095662685989822,0,2,200
2026-09-22T07:25:32Z,0.0,0.11576674644017328,0,2,200
2026-09-22T07:25:32Z,1.0,0.11971008085621719,0,2,200
2026-09-22T07:25:32Z,0.0,0.11923410940661203,0,2,200
2026-09-22T07:25:32Z,0.0,0.027760979899394828,0,2,200
2026-09-22T07:25:32Z,1.0,0.42152548002847845,0,2,200
2026-09-22T07:25:32Z,0.0,0.03977565128876771,0,2,200
2026-09-22T07:25:32Z,0.0,0.012913446985256406,0,2,200
2026-09-22T07:25:32Z,0.0,0.016554124423237244,0,2,200
2026-09-22T07:25:32Z,1.0,0.3252072463693333,0,2,200
2026-09-22T07:25:32Z,0.0,0.014215565608196425,0,2,200
2026-09-22T07:25:32Z,0.0,0.036702217416041266,0,2,200
2026-09-22T07:25:33Z,0.0,0.11507068438042985,0,2,200
2026-09-22T07:25:33Z,0.0,0.03691925553988996,0,2,200
2026-09-22T07:25:33Z,0.0,0.11852048862192677,0,2,200
2026-09-22T07:25:33Z,0.0,0.046155321028665125,0,2,200
2026-09-22T07:25:33Z,0.0,0.08198296384620607,0,2,200
2026-09-22T07:25:33Z,0.0,0.03500678277530642,0,2,200
2026-09-22T07:25:33Z,1.0,0.5427312911629124,1,2,200
2026-09-22T07:25:33Z,0.0,0.026018666792528476,0,2,200
2026-09-22T07:25:33Z,0.0,0.041696224928108636,0,2,200
2026-09-22T07:25:33Z,0.0,0.02283433754749296,0,2,200
2026-09-22T07:25:33Z,0.0,0.15824019413941756,0,2,200
2026-09-22T07:25:33Z,0.0,0.04400362123871762,0,2,200
2026-09-22T07:25:33Z,1.0,0.2145957130855326,0,2,200
2026-09-22T07:25:33Z,0.0,0.09997402959865782,0,2,200
2026-09-22T07:25:33Z,0.0,0.03247385959961202,0,2,200
2026-09-22T07:25:33Z,0.0,0.046654635958918486,0,2,200
2026-09-22T07:25:33Z,0.0,0.028187106186982246,0,2,200
2026-09-22T07:25:33Z,0.0,0.06902319836875624,0,2,200
2026-09-22T07:25:33Z,0.0,0.12315174842732692,0,2,200
2026-09-22T07:25:33Z,0.0,0.21570269572682924,0,2,200
2026-09-22T07:25:33Z,0.0,0.1402152577078732,0,2,200
2026-09-22T07:25:33Z,0.0,0.07591091543183337,0,2,200
2026-09-22T07:25:33Z,0.0,0.022122362383164066,0,2,200
2026-09-22T07:25:33Z,0.0,0.04652002875965357,0,2,200
2026-09-22T07:25:33Z,0.0,0.23227803807510447,0,2,200
2026-09-22T07:25:33Z,0.0,0.08396556929823192,0,2,200
2026-09-22T07:25:33Z,0.0,0.04281128007856566,0,2,200
2026-09-22T07:25:33Z,0.0,0.10543121162069627,0,2,200
2026-09-22T07:25:33Z,0.0,0.12296042611916869,0,2,200
2026-09-22T07:25:33Z,0.0,0.02989225567017641,0,2,200
2026-09-22T07:25:33Z,0.0,0.3652762615174061,0,2,200
2026-09-22T07:25:33Z,0.0,0.013418594541426054,0,2,200
2026-09-22T07:25:33Z,0.0,0.01674208478779464,0,2,200
2026-09-22T07:25:33Z,0.0,0.03338864433899151,0,2,200
2026-09-22T07:25:33Z,0.0,0.022244418448882884,0,2,200
2026-09-22T07:25:33Z,0.0,0.017602223540813478,0,2,200
2026-09-22T07:25:33Z,0.0,0.2634235957097846,0,2,200
2026-09-22T07:25:33Z,1.0,0.2145957130855326,0,2,200
2026-09-22T07:25:33Z,0.0,0.09965881233110636,0,2,200
2026-09-22T07:25:33Z,0.0,0.03977565128876771,0,2,200
2026-09-22T07:25:33Z,0.0,0.12269834744164095,0,2,200
2026-09-22T07:25:33Z,0.0,0.013140653295968321,0,2,200
2026-09-22T07:25:33Z,0.0,0.15734408346349515,0,2,200
2026-09-22T07:25:33Z,0.0,0.012913446985256406,0,2,200
2026-09-22T07:25:33Z,1.0,0.02468354815499456,0,2,200
2026-09-22T07:25:33Z,0.0,0.31975408725998566,0,2,200
2026-09-22T07:25:33Z,0.0,0.356534811621664,0,2,200
2026-09-22T07:25:33Z,1.0,0.5244539797395948,1,2,200
2026-09-22T07:25:33Z,0.0,0.13664125259418808,0,2,200
2026-09-22T07:25:33Z,0.0,0.07369974083547282,0,2,200
2026-09-22T07:25:33Z,0.0,0.050738042803780636,0,2,200
2026-09-22T07:25:33Z,0.0,0.03450335753794753,0,2,200
2026-09-22T07:25:33Z,0.0,0.16618320109875964,0,2,200
2026-09-22T07:25:33Z,0.0,0.0722776662456775,0,2,200
2026-09-22T07:25:33Z,0.0,0.026028106816973384,0,2,200
2026-09-22T07:25:33Z,0.0,0.12519104296356262,0,2,200
2026-09-22T07:25:33Z,1.0,0.07159645081975752,0,2,200
2026-09-22T07:25:33Z,0.0,0.030931367701373856,0,2,200
2026-09-22T07:25:33Z,0.0,0.1269696072762698,0,2,200
2026-09-22T07:25:33Z,1.0,0.3230868488173445,0,2,200
2026-09-22T07:25:34Z,0.0,0.09683711429107163,0,2,200
2026-09-22T07:25:34Z,0.0,0.1581017655653196,0,2,200
2026-09-22T07:25:34Z,1.0,0.023707107991803943,0,2,200
2026-09-22T07:25:34Z,0.0,0.17316908254980592,0,2,200
2026-09-22T07:25:34Z,0.0,0.03135858865116979,0,2,200
2026-09-22T07:25:34Z,0.0,0.45979264204795,0,2,200
2026-09-22T07:25:34Z,0.0,0.014402439641855615,0,2,200
2026-09-22T07:25:34Z,0.0,0.0591770916863344,0,2,200
2026-09-22T07:25:34Z,0.0,0.015290415824479098,0,2,200
2026-09-22T07:25:34Z,0.0,0.20345430215322224,0,2,200
2026-09-22T07:25:34Z,0.0,0.06013450113146435,0,2,200
2026-09-22T07:25:34Z,0.0,0.022647589981160107,0,2,200
2026-09-22T07:25:34Z,0.0,0.016813015894295565,0,2,200
2026-09-22T07:25:34Z,0.0,0.10310049517536561,0,2,200
2026-09-22T07:25:34Z,0.0,0.03876683829139775,0,2,200
2026-09-22T07:25:34Z,1.0,0.2094904784422421,0,2,200
2026-09-22T07:25:34Z,0.0,0.02401344053036393,0,2,200
2026-09-22T07:25:34Z,0.0,0.019370188884969646,0,2,200
2026-09-22T07:25:34Z,0.0,0.029253327149828902,0,2,200
2026-09-22T07:25:34Z,1.0,0.5465019437342181,1,2,200
2026-09-22T07:25:34Z,0.0,0.04900726108053939,0,2,200
2026-09-22T07:25:34Z,0.0,0.06846610105079519,0,2,200
2026-09-22T07:25:34Z,0.0,0.5397276940422744,1,2,200
2026-09-22T07:25:34Z,0.0,0.13273734570231316,0,2,200
2026-09-22T07:25:34Z,0.0,0.5276319520554054,1,2,200
2026-09-22T07:25:34Z,0.0,0.01391606473478496,0,2,200
2026-09-22T07:25:34Z,0.0,0.3143799850802814,0,2,200
2026-09-22T07:25:34Z,0.0,0.014122448091251823,0,2,200
2026-09-22T07:25:34Z,0.0,0.027596589805206805,0,2,200
2026-09-22T07:25:34Z,0.0,0.11619138368107229,0,2,200
2026-09-22T07:25:34Z,0.0,0.030885617718754216,0,2,200
2026-09-22T07:25:34Z,0.0,0.02372074693871529,0,2,200
2026-09-22T07:25:34Z,0.0,0.36508649385507286,0,2,200
2026-09-22T07:25:34Z,0.0,0.047160777058547716,0,2,200
2026-09-22T07:25:34Z,1.0,0.027173022233678613,0,2,200
2026-09-22T07:25:34Z,0.0,0.20085299046007804,0,2,200
2026-09-22T07:25:34Z,0.0,0.1306868681556205,0,2,200
2026-09-22T07:25:34Z,1.0,0.1381089393218812,0,2,200
2026-09-22T07:25:34Z,0.0,0.02206733798637926,0,2,200
2026-09-22T07:25:34Z,0.0,0.13878658666702232,0,2,200
2026-09-22T07:25:35Z,0.0,0.027749667575201493,0,2,200
2026-09-22T07:25:35Z,0.0,0.0294071176555159,0,2,200
2026-09-22T07:25:35Z,0.0,0.024812295537688076,0,2,200
2026-09-22T07:25:35Z,0.0,0.03562643955563258,0,2,200
2026-09-22T07:25:35Z,0.0,0.022256974746043646,0,2,200
2026-09-22T07:25:35Z,0.0,0.019505352015406353,0,2,200
2026-09-22T07:25:35Z,0.0,0.028486509070347343,0,2,200
2026-09-22T07:25:35Z,0.0,0.20085299046007804,0,2,200
2026-09-22T07:25:35Z,0.0,0.336345843850329,0,2,200
2026-09-22T07:25:35Z,0.0,0.014819733375160621,0,2,200
2026-09-22T07:25:35Z,0.0,0.24775052593551167,0,2,200
2026-09-22T07:25:35Z,0.0,0.04113999226151809,0,2,200
2026-09-22T07:25:35Z,0.0,0.018167660439043835,0,2,200
2026-09-22T07:25:35Z,1.0,0.27716724775563945,0,2,200
2026-09-22T07:25:35Z,0.0,0.04628582672410262,0,2,200
2026-09-22T07:25:35Z,0.0,0.43859053693285466,0,2,200
2026-09-22T07:25:35Z,0.0,0.015892336731407792,0,2,200
2026-09-22T07:25:35Z,0.0,0.01741605751087277,0,2,200
2026-09-22T07:25:35Z,0.0,0.0310622415573198,0,2,200
2026-09-22T07:25:35Z,0.0,0.029641282607477015,0,2,200
2026-09-22T07:25:35Z,0.0,0.10829809685439244,0,2,200
2026-09-22T07:25:35Z,0.0,0.045263942442562426,0,2,200
2026-09-22T07:25:35Z,0.0,0.03249182356896238,0,2,200
2026-09-22T07:25:35Z,0.0,0.08707992350276211,0,2,200
2026-09-22T07:25:35Z,0.0,0.14735721006293243,0,2,200
2026-09-22T07:25:35Z,0.0,0.041696224928108636,0,2,200
2026-09-22T07:25:35Z,0.0,0.3678693075884491,0,2,200
2026-09-22T07:25:35Z,0.0,0.015086502012270691,0,2,200
2026-09-22T07:25:35Z,1.0,0.47682582988139993,0,2,200
2026-09-22T07:25:35Z,0.0,0.08186968442270297,0,2,200
2026-09-22T07:25:35Z,0.0,0.336345843850329,0,2,200
2026-09-22T07:25:35Z,0.0,0.12564395686816088,0,2,200
2026-09-22T07:25:35Z,0.0,0.1450525401768067,0,2,200
2026-09-22T07:25:35Z,0.0,0.07023422201261835,0,2,200
2026-09-22T07:25:35Z,0.0,0.020984664088814477,0,2,200
2026-09-22T07:25:35Z,0.0,0.080562201129844,0,2,200
2026-09-22T07:25:35Z,0.0,0.03384290562769868,0,2,200
2026-09-22T07:25:35Z,0.0,0.03319454911557678,0,2,200
2026-09-22T07:25:35Z,0.0,0.16519177757384565,0,2,200
2026-09-22T07:25:35Z,1.0,0.013065815462735098,0,2,200
2026-09-22T07:25:35Z,0.0,0.47947759281770813,0,2,200
2026-09-22T07:25:35Z,0.0,0.05298944339925895,0,2,200
2026-09-22T07:25:35Z,0.0,0.2150046284779944,0,2,200
2026-09-22T07:25:35Z,0.0,0.02283433754749296,0,2,200
2026-09-22T07:25:35Z,0.0,0.016269599273470013,0,2,200
2026-09-22T07:25:35Z,0.0,0.19021309756095206,0,2,200
2026-09-22T07:25:35Z,0.0,0.02394355732581156,0,2,200
2026-09-22T07:25:35Z,1.0,0.472194827650702,0,2,200
2026-09-22T07:25:35Z,0.0,0.03562643955563258,0,2,200
2026-09-22T07:25:35Z,0.0,0.014273868585395859,0,2,200
2026-09-22T07:25:35Z,0.0,0.046163518376831025,0,2,200
2026-09-22T07:25:35Z,0.0,0.03879620328325031,0,2,200
2026-09-22T07:25:35Z,0.0,0.03885887340188984,0,2,200
2026-09-22T07:25:35Z,0.0,0.07611312476326096,0,2,200
2026-09-22T07:25:35Z,0.0,0.2149354545819743,0,2,200
2026-09-22T07:25:35Z,0.0,0.013336490691422486,0,2,200
2026-09-22T07:25:35Z,0.0,0.13989341141737777,0,2,200
2026-09-22T07:25:35Z,0.0,0.14348726370672507,0,2,200
2026-09-22T07:25:35Z,0.0,0.060000643268603236,0,2,200
2026-09-22T07:25:35Z,0.0,0.019505352015406353,0,2,200
2026-09-22T07:25:36Z,0.0,0.1408803257078845,0,2,200
2026-09-22T07:25:36Z,0.0,0.029165945428512856,0,2,200
2026-09-22T07:25:36Z,0.0,0.0326025924663432,0,2,200
2026-09-22T07:25:36Z,0.0,0.026028106816973384,0,2,200
2026-09-22T07:25:36Z,0.0,0.07611312476326096,0,2,200
2026-09-22T07:25:36Z,0.0,0.31975408725998566,0,2,200
2026-09-22T07:25:36Z,0.0,0.13709295001919344,0,2,200
2026-09-22T07:25:36Z,0.0,0.06223142288320842,0,2,200
2026-09-22T07:25:36Z,1.0,0.3672082434941724,0,2,200
2026-09-22T07:25:36Z,0.0,0.022122362383164066,0,2,200
2026-09-22T07:25:36Z,0.0,0.0141599091187902,0,2,200
2026-09-22T07:25:36Z,1.0,0.016027998630867287,0,2,200
2026-09-22T07:25:36Z,0.0,0.013152967943340239,0,2,200
2026-09-22T07:25:36Z,0.0,0.04397613029242769,0,2,200
2026-09-22T07:25:36Z,0.0,0.4689332197234631,0,2,200
2026-09-22T07:25:36Z,0.0,0.013418594541426054,0,2,200
2026-09-22T07:25:36Z,0.0,0.013798967622332405,0,2,200
2026-09-22T07:25:36Z,0.0,0.1473001548432518,0,2,200
2026-09-22T07:25:36Z,0.0,0.1527704514766903,0,2,200
2026-09-22T07:25:36Z,1.0,0.48352308289238294,0,2,200
2026-09-22T07:25:36Z,0.0,0.013228421129309774,0,2,200
2026-09-22T07:25:36Z,0.0,0.024829270760253142,0,2,200
2026-09-22T07:25:36Z,1.0,0.013065815462735098,0,2,200
2026-09-22T07:25:36Z,0.0,0.05385820833561194,0,2,200
2026-09-22T07:25:36Z,1.0,0.027722576587179127,0,2,200
2026-09-22T07:25:36Z,0.0,0.035349799541078114,0,2,200
2026-09-22T07:25:36Z,0.0,0.1269696072762698,0,2,200
2026-09-22T07:25:36Z,0.0,0.01282691194686035,0,2,200
2026-09-22T07:25:36Z,0.0,0.1745891347521585,0,2,200
2026-09-22T07:25:36Z,0.0,0.040253677885772936,0,2,200
2026-09-22T07:25:36Z,0.0,0.09997402959865782,0,2,200
2026-09-22T07:25:36Z,0.0,0.10291909924180899,0,2,200
2026-09-22T07:25:36Z,0.0,0.0287859480559948,0,2,200
2026-09-22T07:25:36Z,0.0,0.03255140751091589,0,2,200
2026-09-22T07:25:36Z,0.0,0.02469377496859607,0,2,200
2026-09-22T07:25:36Z,0.0,0.2634235957097846,0,2,200
2026-09-22T07:25:36Z,0.0,0.16172334773969557,0,2,200
2026-09-22T07:25:36Z,1.0,0.07022149073364656,0,2,200
2026-09-22T07:25:36Z,0.0,0.03925022463487812,0,2,200
2026-09-22T07:25:36Z,1.0,0.11971008085621719,0,2,200
2026-09-22T07:25:36Z,1.0,0.18896205915013797,0,2,200
2026-09-22T07:25:36Z,1.0,0.460600702392691,0,2,200
2026-09-22T07:25:36Z,1.0,0.2094904784422421,0,2,200
2026-09-22T07:25:36Z,1.0,0.5557349968022712,1,2,200
2026-09-22T07:25:36Z,0.0,0.14278463926368964,0,2,200
2026-09-22T07:25:36Z,0.0,0.022709752511387436,0,2,200
2026-09-22T07:25:36Z,0.0,0.15981937097116544,0,2,200
2026-09-22T07:25:36Z,0.0,0.15177395887790268,0,2,200
2026-09-22T07:25:36Z,0.0,0.012851663173431864,0,2,200
2026-09-22T07:25:36Z,0.0,0.03479316647172548,0,2,200
2026-09-22T07:25:36Z,1.0,0.48005366286255785,0,2,200
2026-09-22T07:25:36Z,0.0,0.03783224984467742,0,2,200
2026-09-22T07:25:36Z,0.0,0.05521174133284523,0,2,200
2026-09-22T07:25:36Z,0.0,0.017602223540813478,0,2,200
2026-09-22T07:25:36Z,0.0,0.05134986912720074,0,2,200
2026-09-22T07:25:36Z,0.0,0.3088545593883525,0,2,200
2026-09-22T07:25:36Z,0.0,0.06556472506767014,0,2,200
2026-09-22T07:25:36Z,1.0,0.2810126913730246,0,2,200
2026-09-22T07:25:36Z,0.0,0.025510864836627203,0,2,200
2026-09-22T07:25:36Z,0.0,0.1738303967449231,0,2,200
2026-09-22T07:25:37Z,0.0,0.20296974188569608,0,4,200
2026-09-22T07:25:37Z,0.0,0.16699690970998948,0,4,200
2026-09-22T07:25:37Z,0.0,0.05351860459454612,0,4,200
2026-09-22T07:25:37Z,0.0,0.05351860459454612,0,4,200
2026-09-22T07:25:37Z,0.0,0.057687748234724466,0,4,200
2026-09-22T07:25:37Z,0.0,0.1113970205973513,0,4,200
2026-09-22T07:25:37Z,0.0,0.0919310934107833,0,4,200
2026-09-22T07:25:37Z,0.0,0.0655777160670333,0,4,200
2026-09-22T07:25:37Z,0.0,0.05351860459454612,0,4,200
2026-09-22T07:25:37Z,0.0,0.1113970205973513,0,4,200
2026-09-22T07:25:37Z,0.0,0.1113970205973513,0,4,200
2026-09-22T07:25:37Z,0.0,0.057687748234724466,0,4,200
2026-09-22T07:25:37Z,0.0,0.1709167118294663,0,4,200
2026-09-22T07:25:37Z,0.0,0.06091445549689052,0,4,200
2026-09-22T07:25:37Z,0.0,0.09334575032759845,0,4,200
2026-09-22T07:25:37Z,0.0,0.1113970205973513,0,4,200
2026-09-22T07:25:37Z,0.0,0.11720743946683947,0,4,200
2026-09-22T07:25:37Z,0.0,0.06771046819701151,0,4,200
2026-09-22T07:25:37Z,0.0,0.05351860459454612,0,4,200
2026-09-22T07:25:37Z,0.0,0.23873486502523728,0,4,200
2026-09-22T07:25:37Z,0.0,0.041696224928108636,0,2,200
2026-09-22T07:25:37Z,1.0,0.046427232064050805,0,2,200
2026-09-22T07:25:37Z,0.0,0.022709752511387436,0,2,200
2026-09-22T07:25:37Z,0.0,0.09829991586562035,0,2,200
2026-09-22T07:25:37Z,0.0,0.02206733798637926,0,2,200
2026-09-22T07:25:37Z,0.0,0.03488933633050857,0,2,200
2026-09-22T07:25:37Z,0.0,0.02421023074637678,0,2,200
2026-09-22T07:25:37Z,0.0,0.015561985741745445,0,2,200
2026-09-22T07:25:37Z,0.0,0.03666738375514718,0,2,200
2026-09-22T07:25:37Z,0.0,0.041984200075256155,0,2,200
2026-09-22T07:25:37Z,0.0,0.36825622985559525,0,2,200
2026-09-22T07:25:37Z,0.0,0.1543351269387664,0,2,200
2026-09-22T07:25:37Z,0.0,0.15871748060379337,0,2,200
2026-09-22T07:25:37Z,0.0,0.029165945428512856,0,2,200
2026-09-22T07:25:37Z,0.0,0.01963972905066804,0,2,200
2026-09-22T07:25:37Z,0.0,0.0310622415573198,0,2,200
2026-09-22T07:25:37Z,0.0,0.06902319836875624,0,2,200
2026-09-22T07:25:37Z,0.0,0.02687424837188278,0,2,200
2026-09-22T07:25:37Z,0.0,0.02376732320627071,0,2,200
2026-09-22T07:25:37Z,0.0,0.03513205833866046,0,2,200
2026-09-22T07:25:37Z,0.0,0.15769850160053053,0,2,200
2026-09-22T07:25:37Z,0.0,0.383480039320814,0,2,200
2026-09-22T07:25:37Z,0.0,0.024846742889038254,0,2,200
2026-09-22T07:25:37Z,0.0,0.2615006067181367,0,2,200
2026-09-22T07:25:37Z,0.0,0.015561985741745445,0,2,200
2026-09-22T07:25:37Z,0.0,0.21516111228338136,0,2,200
2026-09-22T07:25:37Z,0.0,0.017315759642730598,0,2,200
2026-09-22T07:25:37Z,0.0,0.28141242758364216,0,2,200
2026-09-22T07:25:37Z,0.0,0.04524251259412286,0,2,200
2026-09-22T07:25:37Z,0.0,0.02265707557836572,0,2,200
2026-09-22T07:25:37Z,0.0,0.05014528892758923,0,2,200
2026-09-22T07:25:37Z,0.0,0.08003924124396265,0,2,200
2026-09-22T07:25:37Z,0.0,0.05203388599794059,0,2,200
2026-09-22T07:25:37Z,1.0,0.1409333877687599,0,2,200
2026-09-22T07:25:37Z,0.0,0.03317936196594368,0,2,200
2026-09-22T07:25:37Z,0.0,0.04397613029242769,0,2,200
2026-09-22T07:25:37Z,1.0,0.5472751969395583,1,2,200
2026-09-22T07:25:37Z,0.0,0.18394773652487792,0,2,200
2026-09-22T07:25:37Z,0.0,0.4897840874795291,0,2,200
2026-09-22T07:25:37Z,0.0,0.017832940864060204,0,2,200
2026-09-22T07:25:38Z,0.0,0.030931367701373856,0,2,200
2026-09-22T07:25:38Z,0.0,0.0259733710595139,0,2,200
2026-09-22T07:25:38Z,0.0,0.1497876318641434,0,2,200
2026-09-22T07:25:38Z,0.0,0.03908861220155728,0,2,200
2026-09-22T07:25:38Z,0.0,0.10457794016198557,0,2,200
2026-09-22T07:25:38Z,0.0,0.0838973135333166,0,2,200
2026-09-22T07:25:38Z,0.0,0.3542081644507625,0,2,200
2026-09-22T07:25:38Z,1.0,0.27671706996718887,0,2,200
2026-09-22T07:25:38Z,0.0,0.02162312743172529,0,2,200
2026-09-22T07:25:38Z,0.0,0.20858180487789718,0,2,200
2026-09-22T07:25:38Z,0.0,0.05182996955394909,0,2,200
2026-09-22T07:25:38Z,0.0,0.048948659091868976,0,2,200
2026-09-22T07:25:38Z,0.0,0.08822546062489842,0,2,200
2026-09-22T07:25:38Z,0.0,0.17508204024590918,0,2,200
2026-09-22T07:25:38Z,0.0,0.290641819179596,0,2,200
2026-09-22T07:25:38Z,0.0,0.03255140751091589,0,2,200
2026-09-22T07:25:38Z,0.0,0.01339691946646136,0,2,200
2026-09-22T07:25:38Z,0.0,0.22398118502158973,0,2,200
2026-09-22T07:25:38Z,0.0,0.01946082055280709,0,2,200
2026-09-22T07:25:38Z,0.0,0.12607674125168214,0,2,200
2026-09-22T07:25:38Z,0.0,0.03925022463487812,0,2,200
2026-09-22T07:25:38Z,0.0,0.1543351269387664,0,2,200
2026-09-22T07:25:38Z,0.0,0.1466311736749599,0,2,200
2026-09-22T07:25:38Z,0.0,0.06013450113146435,0,2,200
2026-09-22T07:25:38Z,0.0,0.10478487775945534,0,2,200
2026-09-22T07:25:38Z,0.0,0.1864841054983606,0,2,200
2026-09-22T07:25:38Z,0.0,0.0133721947072309,0,2,200
2026-09-22T07:25:38Z,0.0,0.035349799541078114,0,2,200
2026-09-22T07:25:38Z,0.0,0.02162428603257135,0,2,200
2026-09-22T07:25:38Z,0.0,0.04317822755737906,0,2,200
2026-09-22T07:25:38Z,0.0,0.2264760656156496,0,2,200
2026-09-22T07:25:38Z,0.0,0.11432885389659113,0,2,200
2026-09-22T07:25:38Z,0.0,0.06223142288320842,0,2,200
2026-09-22T07:25:38Z,0.0,0.03981334576705297,0,2,200
2026-09-22T07:25:38Z,0.0,0.01366963590234793,0,2,200
2026-09-22T07:25:38Z,1.0,0.18573720953945455,0,2,200
2026-09-22T07:25:38Z,0.0,0.11220520763912627,0,2,200
2026-09-22T07:25:38Z,0.0,0.019905627351843078,0,2,200
2026-09-22T07:25:38Z,0.0,0.040758579396484994,0,2,200
2026-09-22T07:25:38Z,1.0,0.40955929649969497,0,2,200
2026-09-22T07:25:39Z,0.0,0.1165653180580585,0,4,200
2026-09-22T07:25:39Z,0.0,0.057687748234724466,0,4,200
2026-09-22T07:25:39Z,0.0,0.1165653180580585,0,4,200
2026-09-22T07:25:39Z,0.0,0.0655777160670333,0,4,200
2026-09-22T07:25:39Z,0.0,0.13818468545338777,0,4,200
2026-09-22T07:25:39Z,0.0,0.0655777160670333,0,4,200
2026-09-22T07:25:39Z,0.0,0.08676029341049597,0,4,200
2026-09-22T07:25:39Z,0.0,0.05351860459454612,0,4,200
2026-09-22T07:25:39Z,0.0,0.0655777160670333,0,4,200
2026-09-22T07:25:39Z,0.0,0.1113970205973513,0,4,200
2026-09-22T07:25:39Z,0.0,0.057687748234724466,0,4,200
2026-09-22T07:25:39Z,0.0,0.1934045261843059,0,4,200
2026-09-22T07:25:39Z,0.0,0.05351860459454612,0,4,200
2026-09-22T07:25:39Z,1.0,0.18823622872359871,0,4,200
2026-09-22T07:25:39Z,1.0,0.4021192930604022,0,4,200
2026-09-22T07:25:39Z,0.0,0.1113970205973513,0,4,200
2026-09-22T07:25:39Z,0.0,0.15203456031564558,0,4,200
2026-09-22T07:25:39Z,0.0,0.1113970205973513,0,4,200
2026-09-22T07:25:39Z,0.0,0.23211716966243173,0,4,200
2026-09-22T07:25:39Z,0.0,0.1165653180580585,0,4,200
2026-09-22T07:25:39Z,0.0,0.08676279595007612,0,4,200
2026-09-22T07:25:39Z,0.0,0.1113970205973513,0,4,200
2026-09-22T07:25:39Z,0.0,0.2754370680346191,0,4,200
2026-09-22T07:25:39Z,0.0,0.22794802602225342,0,4,200
2026-09-22T07:25:39Z,0.0,0.05351860459454612,0,4,200
2026-09-22T07:25:39Z,0.0,0.23550815776307124,0,4,200
2026-09-22T07:25:39Z,0.0,0.2579587432213992,0,4,200
2026-09-22T07:25:39Z,0.0,0.05351860459454612,0,4,200
2026-09-22T07:25:39Z,0.0,0.19606310145619296,0,4,200
2026-09-22T07:25:39Z,0.0,0.06356526759577937,0,4,200
2026-09-22T07:25:39Z,0.0,0.05351860459454612,0,4,200
2026-09-22T07:25:39Z,0.0,0.05351860459454612,0,4,200
2026-09-22T07:25:39Z,0.0,0.1113970205973513,0,4,200
2026-09-22T07:25:39Z,0.0,0.0655777160670333,0,4,200
2026-09-22T07:25:39Z,0.0,0.05351860459454612,0,4,200
2026-09-22T07:25:39Z,1.0,0.08676279595007612,0,4,200
2026-09-22T07:25:39Z,0.0,0.05351860459454612,0,4,200
2026-09-22T07:25:39Z,0.0,0.18823622872359871,0,4,200
2026-09-22T07:25:39Z,0.0,0.1113970205973513,0,4,200
2026-09-22T07:25:39Z,1.0,0.2349580353565543,0,4,200
2026-09-22T07:25:39Z,0.0,0.021172381694799652,0,2,200
2026-09-22T07:25:39Z,0.0,0.04634870218879004,0,2,200
2026-09-22T07:25:39Z,0.0,0.15677008427388642,0,2,200
2026-09-22T07:25:39Z,0.0,0.025422696992029908,0,2,200
2026-09-22T07:25:39Z,0.0,0.11950941301428886,0,2,200
2026-09-22T07:25:39Z,0.0,0.1172259656183337,0,2,200
2026-09-22T07:25:39Z,0.0,0.014588177150798702,0,2,200
2026-09-22T07:25:39Z,0.0,0.15267346146815375,0,2,200
2026-09-22T07:25:39Z,0.0,0.2615006067181367,0,2,200
2026-09-22T07:25:39Z,0.0,0.037321071844568246,0,2,200
2026-09-22T07:25:39Z,0.0,0.019705208508517338,0,2,200
2026-09-22T07:25:39Z,0.0,0.0773188067191381,0,2,200
2026-09-22T07:25:39Z,0.0,0.1346640376304559,0,2,200
2026-09-22T07:25:39Z,0.0,0.03691925553988996,0,2,200
2026-09-22T07:25:39Z,0.0,0.13206135755327006,0,2,200
2026-09-22T07:25:39Z,0.0,0.02039847888825217,0,2,200
2026-09-22T07:25:39Z,0.0,0.3971710362397421,0,2,200
2026-09-22T07:25:39Z,0.0,0.01366963590234793,0,2,200
2026-09-22T07:25:39Z,0.0,0.02376732320627071,0,2,200
2026-09-22T07:25:39Z,0.0,0.027837444379232967,0,2,200
2026-09-22T07:25:40Z,0.0,0.15603274027315497,0,2,200
2026-09-22T07:25:40Z,0.0,0.0149857102038846,0,2,200
2026-09-22T07:25:40Z,0.0,0.10313639102011982,0,2,200
2026-09-22T07:25:40Z,1.0,0.48005366286255785,0,2,200
2026-09-22T07:25:40Z,0.0,0.015430161327376526,0,2,200
2026-09-22T07:25:40Z,0.0,0.0141599091187902,0,2,200
2026-09-22T07:25:40Z,0.0,0.22600186607366302,0,2,200
2026-09-22T07:25:40Z,0.0,0.03488933633050857,0,2,200
2026-09-22T07:25:40Z,0.0,0.10109234168903047,0,2,200
2026-09-22T07:25:40Z,0.0,0.12519104296356262,0,2,200
2026-09-22T07:25:40Z,0.0,0.10046999358809412,0,2,200
2026-09-22T07:25:40Z,0.0,0.019485652140486573,0,2,200
2026-09-22T07:25:40Z,0.0,0.10594532207356337,0,2,200
2026-09-22T07:25:40Z,0.0,0.03153358473130143,0,2,200
2026-09-22T07:25:40Z,0.0,0.13513293182917452,0,2,200
2026-09-22T07:25:40Z,1.0,0.21437943647651594,0,2,200
2026-09-22T07:25:40Z,0.0,0.014215565608196425,0,2,200
2026-09-22T07:25:40Z,0.0,0.028486509070347343,0,2,200
2026-09-22T07:25:40Z,0.0,0.052363944367950215,0,2,200
2026-09-22T07:25:40Z,0.0,0.12564395686816088,0,2,200
2026-09-22T07:25:40Z,0.0,0.19606310145619296,0,4,200
2026-09-22T07:25:40Z,1.0,0.19606310145619296,0,4,200
2026-09-22T07:25:40Z,0.0,0.05351860459454612,0,4,200
2026-09-22T07:25:40Z,0.0,0.05351860459454612,0,4,200
2026-09-22T07:25:40Z,0.0,0.1709167118294663,0,4,200
2026-09-22T07:25:40Z,0.0,0.05351860459454612,0,4,200
2026-09-22T07:25:40Z,1.0,0.41414788537934316,0,4,200
2026-09-22T07:25:40Z,0.0,0.057687748234724466,0,4,200
2026-09-22T07:25:40Z,0.0,0.057687748234724466,0,4,200
2026-09-22T07:25:40Z,0.0,0.05351860459454612,0,4,200
2026-09-22T07:25:40Z,0.0,0.12540010380217415,0,4,200
2026-09-22T07:25:40Z,0.0,0.09334575032759845,0,4,200
2026-09-22T07:25:40Z,0.0,0.08676279595007612,0,4,200
2026-09-22T07:25:40Z,0.0,0.057687748234724466,0,4,200
2026-09-22T07:25:40Z,0.0,0.16699690970998948,0,4,200
2026-09-22T07:25:40Z,0.0,0.05351860459454612,0,4,200
2026-09-22T07:25:40Z,0.0,0.0586869020552533,0,4,200
2026-09-22T07:25:40Z,0.0,0.08676029341049597,0,4,200
2026-09-22T07:25:40Z,0.0,0.08676279595007612,0,4,200
2026-09-22T07:25:40Z,0.0,0.05351860459454612,0,4,200
2026-09-22T07:25:40Z,1.0,0.3052971653226882,0,4,200
2026-09-22T07:25:40Z,0.0,0.05351860459454612,0,4,200
2026-09-22T07:25:40Z,0.0,0.05351860459454612,0,4,200
2026-09-22T07:25:40Z,1.0,0.28541904850647926,0,4,200
2026-09-22T07:25:40Z,0.0,0.11879287149969571,0,4,200
2026-09-22T07:25:40Z,0.0,0.06508359913706888,0,4,200
2026-09-22T07:25:40Z,0.0,0.0655777160670333,0,4,200
2026-09-22T07:25:40Z,0.0,0.06356526759577937,0,4,200
2026-09-22T07:25:40Z,0.0,0.2579587432213992,0,4,200
2026-09-22T07:25:40Z,1.0,0.31126062206544675,0,4,200
2026-09-22T07:25:40Z,0.0,0.1709167118294663,0,4,200
2026-09-22T07:25:40Z,0.0,0.05351860459454612,0,4,200
2026-09-22T07:25:40Z,0.0,0.1709167118294663,0,4,200
2026-09-22T07:25:40Z,1.0,0.25199528647864067,0,4,200
2026-09-22T07:25:40Z,0.0,0.05351860459454612,0,4,200
2026-09-22T07:25:40Z,0.0,0.1113970205973513,0,4,200
2026-09-22T07:25:40Z,0.0,0.1113970205973513,0,4,200
2026-09-22T07:25:40Z,0.0,0.05351860459454612,0,4,200
2026-09-22T07:25:40Z,0.0,0.0919310934107833,0,4,200
2026-09-22T07:25:40Z,0.0,0.1113970205973513,0,4,200
2026-09-22T07:25:41Z,0.0,0.05658398089001872,0,2,200
2026-09-22T07:25:41Z,0.0,0.31975408725998566,0,2,200
2026-09-22T07:25:41Z,1.0,0.5867469186643952,1,2,200
2026-09-22T07:25:41Z,0.0,0.017222700825594947,0,2,200
2026-09-22T07:25:41Z,0.0,0.03783224984467742,0,2,200
2026-09-22T07:25:41Z,0.0,0.06052512101676358,0,2,200
2026-09-22T07:25:41Z,0.0,0.3401377941244159,0,2,200
2026-09-22T07:25:41Z,0.0,0.013197653697154468,0,2,200
2026-09-22T07:25:41Z,0.0,0.02421023074637678,0,2,200
2026-09-22T07:25:41Z,0.0,0.1402152577078732,0,2,200
2026-09-22T07:25:41Z,0.0,0.019905627351843078,0,2,200
2026-09-22T07:25:41Z,0.0,0.1864841054983606,0,2,200
2026-09-22T07:25:41Z,0.0,0.02265707557836572,0,2,200
2026-09-22T07:25:41Z,0.0,0.11470650823063164,0,2,200
2026-09-22T07:25:41Z,0.0,0.2675030851190174,0,2,200
2026-09-22T07:25:41Z,0.0,0.016760441584042992,0,2,200
2026-09-22T07:25:41Z,0.0,0.34611544658966836,0,2,200
2026-09-22T07:25:41Z,0.0,0.015430161327376526,0,2,200
2026-09-22T07:25:41Z,0.0,0.035349799541078114,0,2,200
2026-09-22T07:25:41Z,1.0,0.3656789623489576,0,2,200
2026-09-22T07:25:41Z,0.0,0.013712349641730771,0,2,200
2026-09-22T07:25:41Z,1.0,0.2355415416256513,0,2,200
2026-09-22T07:25:41Z,0.0,0.2606420271650677,0,2,200
2026-09-22T07:25:41Z,0.0,0.01323325916464087,0,2,200
2026-09-22T07:25:41Z,0.0,0.03500678277530642,0,2,200
2026-09-22T07:25:41Z,0.0,0.046155321028665125,0,2,200
2026-09-22T07:25:41Z,0.0,0.12719422147997508,0,2,200
2026-09-22T07:25:41Z,1.0,0.14230930006721615,0,2,200
2026-09-22T07:25:41Z,0.0,0.11011309993810876,0,2,200
2026-09-22T07:25:41Z,0.0,0.03327279093348199,0,2,200
2026-09-22T07:25:41Z,0.0,0.1581017655653196,0,2,200
2026-09-22T07:25:41Z,0.0,0.06320566424253596,0,2,200
2026-09-22T07:25:41Z,0.0,0.36825622985559525,0,2,200
2026-09-22T07:25:41Z,0.0,0.04589897175993205,0,2,200
2026-09-22T07:25:41Z,0.0,0.33398281540753744,0,2,200
2026-09-22T07:25:41Z,0.0,0.08822546062489842,0,2,200
2026-09-22T07:25:41Z,0.0,0.043146486326564176,0,2,200
2026-09-22T07:25:41Z,0.0,0.10938394199786546,0,2,200
2026-09-22T07:25:41Z,1.0,0.3911915744087691,0,2,200
2026-09-22T07:25:41Z,1.0,0.35656257538581954,0,2,200
2026-09-22T07:25:41Z,0.0,0.04400362123871762,0,2,200
2026-09-22T07:25:41Z,0.0,0.015021703930898554,0,2,200
2026-09-22T07:25:41Z,0.0,0.017315759642730598,0,2,200
2026-09-22T07:25:41Z,0.0,0.1172259656183337,0,2,200
2026-09-22T07:25:41Z,0.0,0.03488933633050857,0,2,200
2026-09-22T07:25:41Z,0.0,0.07023422201261835,0,2,200
2026-09-22T07:25:41Z,0.0,0.02358737610807418,0,2,200
2026-09-22T07:25:41Z,0.0,0.13709295001919344,0,2,200
2026-09-22T07:25:41Z,1.0,0.1443246810542279,0,2,200
2026-09-22T07:25:41Z,0.0,0.049896048059215416,0,2,200
2026-09-22T07:25:41Z,0.0,0.062489628021540004,0,2,200
2026-09-22T07:25:41Z,0.0,0.03783224984467742,0,2,200
2026-09-22T07:25:41Z,0.0,0.10855085463879767,0,2,200
2026-09-22T07:25:41Z,1.0,0.5427312911629124,1,2,200
2026-09-22T07:25:41Z,0.0,0.17216721721361114,0,2,200
2026-09-22T07:25:41Z,0.0,0.021410816151083232,0,2,200
2026-09-22T07:25:41Z,0.0,0.04941985517450874,0,2,200
2026-09-22T07:25:41Z,0.0,0.013140653295968321,0,2,200
2026-09-22T07:25:41Z,0.0,0.0350193524982519,0,2,200
2026-09-22T07:25:41Z,1.0,0.06960335661194972,0,2,200
2026-09-22T07:25:42Z,0.0,0.04607220576731992,0,2,200
2026-09-22T07:25:42Z,0.0,0.31975408725998566,0,2,200
2026-09-22T07:25:42Z,0.0,0.016170365291175617,0,2,200
2026-09-22T07:25:42Z,0.0,0.022256974746043646,0,2,200
2026-09-22T07:25:42Z,0.0,0.014585214261553087,0,2,200
2026-09-22T07:25:42Z,0.0,0.12296042611916869,0,2,200
2026-09-22T07:25:42Z,1.0,0.19436082800432422,0,2,200
2026-09-22T07:25:42Z,0.0,0.030560470573350006,0,2,200
2026-09-22T07:25:42Z,0.0,0.026048729196353634,0,2,200
2026-09-22T07:25:42Z,0.0,0.0838973135333166,0,2,200
2026-09-22T07:25:42Z,0.0,0.13878658666702232,0,2,200
2026-09-22T07:25:42Z,0.0,0.047160777058547716,0,2,200
2026-09-22T07:25:42Z,0.0,0.03801936711421822,0,2,200
2026-09-22T07:25:42Z,0.0,0.04397613029242769,0,2,200
2026-09-22T07:25:42Z,1.0,0.47682582988139993,0,2,200
2026-09-22T07:25:42Z,0.0,0.11965033926183016,0,2,200
2026-09-22T07:25:42Z,0.0,0.415445120273136,0,2,200
2026-09-22T07:25:42Z,0.0,0.15769850160053053,0,2,200
2026-09-22T07:25:42Z,0.0,0.028359459181877794,0,2,200
2026-09-22T07:25:42Z,0.0,0.07630677539061909,0,2,200
2026-09-22T07:25:42Z,0.0,0.34643699298296887,0,2,200
2026-09-22T07:25:42Z,0.0,0.039861812123258004,0,2,200
2026-09-22T07:25:42Z,1.0,0.22833963625708228,0,2,200
2026-09-22T07:25:42Z,0.0,0.1390289709381129,0,2,200
2026-09-22T07:25:42Z,0.0,0.029253327149828902,0,2,200
2026-09-22T07:25:42Z,0.0,0.02752626006070878,0,2,200
2026-09-22T07:25:42Z,0.0,0.0350193524982519,0,2,200
2026-09-22T07:25:42Z,0.0,0.0296107060799793,0,2,200
2026-09-22T07:25:42Z,0.0,0.013244382669117085,0,2,200
2026-09-22T07:25:42Z,0.0,0.08492873167002023,0,2,200
2026-09-22T07:25:42Z,0.0,0.028457594260782416,0,2,200
2026-09-22T07:25:42Z,0.0,0.03666738375514718,0,2,200
2026-09-22T07:25:42Z,0.0,0.13181479186536665,0,2,200
2026-09-22T07:25:42Z,0.0,0.06183076537941293,0,2,200
2026-09-22T07:25:42Z,1.0,0.20110118056148454,0,2,200
2026-09-22T07:25:42Z,1.0,0.1690662403671161,0,2,200
2026-09-22T07:25:42Z,0.0,0.10677210734532011,0,2,200
2026-09-22T07:25:42Z,0.0,0.22701013903016737,0,2,200
2026-09-22T07:25:42Z,0.0,0.15769850160053053,0,2,200
2026-09-22T07:25:42Z,0.0,0.02358737610807418,0,2,200
2026-09-22T07:25:43Z,1.0,0.21437943647651594,0,2,200
2026-09-22T07:25:43Z,0.0,0.09141780766772124,0,2,200
2026-09-22T07:25:43Z,0.0,0.03876683829139775,0,2,200
2026-09-22T07:25:43Z,0.0,0.25100013802564763,0,2,200
2026-09-22T07:25:43Z,0.0,0.02421023074637678,0,2,200
2026-09-22T07:25:43Z,0.0,0.03479316647172548,0,2,200
2026-09-22T07:25:43Z,0.0,0.01391606473478496,0,2,200
2026-09-22T07:25:43Z,0.0,0.060729989421705516,0,2,200
2026-09-22T07:25:43Z,0.0,0.01798780812461145,0,2,200
2026-09-22T07:25:43Z,1.0,0.24195846118267272,0,2,200
2026-09-22T07:25:43Z,0.0,0.013297490663302674,0,2,200
2026-09-22T07:25:43Z,0.0,0.036303197768910306,0,2,200
2026-09-22T07:25:43Z,0.0,0.034539456004018136,0,2,200
2026-09-22T07:25:43Z,0.0,0.019505352015406353,0,2,200
2026-09-22T07:25:43Z,0.0,0.08790998562118103,0,2,200
2026-09-22T07:25:43Z,0.0,0.06183076537941293,0,2,200
2026-09-22T07:25:43Z,0.0,0.0501476691252126,0,2,200
2026-09-22T07:25:43Z,0.0,0.017474837391996914,0,2,200
2026-09-22T07:25:43Z,0.0,0.34643699298296887,0,2,200
2026-09-22T07:25:43Z,0.0,0.12607674125168214,0,2,200
2026-09-22T07:25:43Z,1.0,0.11971008085621719,0,2,200
2026-09-22T07:25:43Z,0.0,0.07630794846385007,0,2,200
2026-09-22T07:25:43Z,0.0,0.1437808131353527,0,2,200
2026-09-22T07:25:43Z,0.0,0.07023422201261835,0,2,200
2026-09-22T07:25:43Z,0.0,0.03404048458069872,0,2,200
2026-09-22T07:25:43Z,0.0,0.05194938566338955,0,2,200
2026-09-22T07:25:43Z,0.0,0.5276319520554054,1,2,200
2026-09-22T07:25:43Z,0.0,0.015086502012270691,0,2,200
2026-09-22T07:25:43Z,0.0,0.023699688647032473,0,2,200
2026-09-22T07:25:43Z,0.0,0.2993202712034832,0,2,200
2026-09-22T07:25:43Z,0.0,0.09722038600297096,0,2,200
2026-09-22T07:25:43Z,0.0,0.026092332718913886,0,2,200
2026-09-22T07:25:43Z,0.0,0.4689332197234631,0,2,200
2026-09-22T07:25:43Z,0.0,0.13219205543236218,0,2,200
2026-09-22T07:25:43Z,0.0,0.020337437674907505,0,2,200
2026-09-22T07:25:43Z,0.0,0.10046999358809412,0,2,200
2026-09-22T07:25:43Z,0.0,0.07369974083547282,0,2,200
2026-09-22T07:25:43Z,0.0,0.02405132414741478,0,2,200
2026-09-22T07:25:43Z,0.0,0.31033655322617343,0,2,200
2026-09-22T07:25:43Z,0.0,0.2005365982902856,0,2,200
2026-09-22T07:25:43Z,0.0,0.02358737610807418,0,2,200
2026-09-22T07:25:43Z,0.0,0.017181745186428916,0,2,200
2026-09-22T07:25:43Z,0.0,0.02818745780419464,0,2,200
2026-09-22T07:25:43Z,0.0,0.07917617950879131,0,2,200
2026-09-22T07:25:43Z,0.0,0.021252864209526937,0,2,200
2026-09-22T07:25:43Z,0.0,0.11779118586896578,0,2,200
2026-09-22T07:25:43Z,0.0,0.13558705225969195,0,2,200
2026-09-22T07:25:43Z,0.0,0.05835007202243357,0,2,200
2026-09-22T07:25:43Z,0.0,0.2606420271650677,0,2,200
2026-09-22T07:25:43Z,0.0,0.16467812666380194,0,2,200
2026-09-22T07:25:43Z,1.0,0.25824012186722156,0,2,200
2026-09-22T07:25:43Z,0.0,0.4800721602129166,0,2,200
2026-09-22T07:25:43Z,0.0,0.03220983717177755,0,2,200
2026-09-22T07:25:43Z,0.0,0.03764149016713732,0,2,200
2026-09-22T07:25:43Z,0.0,0.04400362123871762,0,2,200
2026-09-22T07:25:43Z,0.0,0.015290415824479098,0,2,200
2026-09-22T07:25:43Z,0.0,0.1306868681556205,0,2,200
2026-09-22T07:25:43Z,0.0,0.018167660439043835,0,2,200
2026-09-22T07:25:43Z,0.0,0.15598620371907398,0,2,200
2026-09-22T07:25:43Z,0.0,0.12552521266977137,0,2,200
2026-09-22T07:25:44Z,0.0,0.05825732507892671,0,2,200
2026-09-22T07:25:44Z,0.0,0.05182996955394909,0,2,200
2026-09-22T07:25:44Z,1.0,0.26663352667380585,0,2,200
2026-09-22T07:25:44Z,0.0,0.0773188067191381,0,2,200
2026-09-22T07:25:44Z,0.0,0.03704289015749818,0,2,200
2026-09-22T07:25:44Z,0.0,0.13709295001919344,0,2,200
2026-09-22T07:25:44Z,0.0,0.015561985741745445,0,2,200
2026-09-22T07:25:44Z,0.0,0.019380273806840737,0,2,200
2026-09-22T07:25:44Z,0.0,0.415445120273136,0,2,200
2026-09-22T07:25:44Z,0.0,0.1513633922802773,0,2,200
2026-09-22T07:25:44Z,0.0,0.033929764506820656,0,2,200
2026-09-22T07:25:44Z,0.0,0.06017798776831809,0,2,200
2026-09-22T07:25:44Z,0.0,0.015290415824479098,0,2,200
2026-09-22T07:25:44Z,0.0,0.1346640376304559,0,2,200
2026-09-22T07:25:44Z,0.0,0.03143756354500709,0,2,200
2026-09-22T07:25:44Z,0.0,0.06052512101676358,0,2,200
2026-09-22T07:25:44Z,1.0,0.18957208324036462,0,2,200
2026-09-22T07:25:44Z,0.0,0.015141721693567171,0,2,200
2026-09-22T07:25:44Z,0.0,0.0149857102038846,0,2,200
2026-09-22T07:25:44Z,0.0,0.06642231821755278,0,2,200
2026-09-22T07:25:44Z,1.0,0.1481004530819407,0,2,200
2026-09-22T07:25:44Z,0.0,0.1995017458136259,0,2,200
2026-09-22T07:25:44Z,0.0,0.16172334773969557,0,2,200
2026-09-22T07:25:44Z,1.0,0.15234542226738126,0,2,200
2026-09-22T07:25:44Z,0.0,0.02096428850375081,0,2,200
2026-09-22T07:25:44Z,0.0,0.013416476796858177,0,2,200
2026-09-22T07:25:44Z,0.0,0.01741605751087277,0,2,200
2026-09-22T07:25:44Z,0.0,0.387729623207335,0,2,200
2026-09-22T07:25:44Z,0.0,0.013036273465992948,0,2,200
2026-09-22T07:25:44Z,0.0,0.0474208755018315,0,2,200
2026-09-22T07:25:44Z,0.0,0.17605671850355048,0,2,200
2026-09-22T07:25:44Z,0.0,0.09860126119856634,0,2,200
2026-09-22T07:25:44Z,0.0,0.03342492945726822,0,2,200
2026-09-22T07:25:44Z,0.0,0.18394773652487792,0,2,200
2026-09-22T07:25:44Z,0.0,0.012913446985256406,0,2,200
2026-09-22T07:25:44Z,0.0,0.018827245316348287,0,2,200
2026-09-22T07:25:44Z,0.0,0.0133721947072309,0,2,200
2026-09-22T07:25:44Z,0.0,0.09606198342118401,0,2,200
2026-09-22T07:25:44Z,1.0,0.3895816163644223,0,2,200
2026-09-22T07:25:44Z,0.0,0.016907747054478207,0,2,200
2026-09-22T07:25:45Z,0.0,0.33398281540753744,0,2,200
2026-09-22T07:25:45Z,0.0,0.021157252100419247,0,2,200
2026-09-22T07:25:45Z,0.0,0.026579359735232205,0,2,200
2026-09-22T07:25:45Z,0.0,0.02591353356456297,0,2,200
2026-09-22T07:25:45Z,0.0,0.02674047969221384,0,2,200
2026-09-22T07:25:45Z,0.0,0.16958811306138294,0,2,200
2026-09-22T07:25:45Z,0.0,0.04476833378720655,0,2,200
2026-09-22T07:25:45Z,0.0,0.04440888166460403,0,2,200
2026-09-22T07:25:45Z,0.0,0.061867459411556476,0,2,200
2026-09-22T07:25:45Z,0.0,0.2149354545819743,0,2,200
2026-09-22T07:25:45Z,0.0,0.017149665388777012,0,2,200
2026-09-22T07:25:45Z,0.0,0.2828294117444702,0,2,200
2026-09-22T07:25:45Z,0.0,0.036303197768910306,0,2,200
2026-09-22T07:25:45Z,0.0,0.020337437674907505,0,2,200
2026-09-22T07:25:45Z,0.0,0.017583949969872767,0,2,200
2026-09-22T07:25:45Z,0.0,0.13219205543236218,0,2,200
2026-09-22T07:25:45Z,0.0,0.019615834999757043,0,2,200
2026-09-22T07:25:45Z,1.0,0.18573720953945455,0,2,200
2026-09-22T07:25:45Z,0.0,0.012913446985256406,0,2,200
2026-09-22T07:25:45Z,0.0,0.2077850803820075,0,2,200
2026-09-22T07:25:45Z,0.0,0.0406541658011465,0,2,200
2026-09-22T07:25:45Z,0.0,0.024829270760253142,0,2,200
2026-09-22T07:25:45Z,1.0,0.04601270434684771,0,2,200
2026-09-22T07:25:45Z,0.0,0.02578347680392077,0,2,200
2026-09-22T07:25:45Z,0.0,0.1568733239326246,0,2,200
2026-09-22T07:25:45Z,0.0,0.4244292306950832,0,2,200
2026-09-22T07:25:45Z,0.0,0.02184417086412519,0,2,200
2026-09-22T07:25:45Z,0.0,0.21739694166321843,0,2,200
2026-09-22T07:25:45Z,0.0,0.030927540872802216,0,2,200
2026-09-22T07:25:45Z,0.0,0.11296951781435104,0,2,200
2026-09-22T07:25:45Z,0.0,0.02726837427131079,0,2,200
2026-09-22T07:25:45Z,0.0,0.031138590037222233,0,2,200
2026-09-22T07:25:45Z,0.0,0.061867459411556476,0,2,200
2026-09-22T07:25:45Z,0.0,0.0199768721865122,0,2,200
2026-09-22T07:25:45Z,0.0,0.03981334576705297,0,2,200
2026-09-22T07:25:45Z,0.0,0.03197976999806585,0,2,200
2026-09-22T07:25:45Z,0.0,0.05935391961605323,0,2,200
2026-09-22T07:25:45Z,0.0,0.08790998562118103,0,2,200
2026-09-22T07:25:45Z,0.0,0.028603059897480243,0,2,200
2026-09-22T07:25:45Z,0.0,0.015086502012270691,0,2,200
2026-09-22T07:25:46Z,0.0,0.04164010003329972,0,2,200
2026-09-22T07:25:46Z,0.0,0.0272163128321758,0,2,200
2026-09-22T07:25:46Z,0.0,0.026885011282095004,0,2,200
2026-09-22T07:25:46Z,0.0,0.05825732507892671,0,2,200
2026-09-22T07:25:46Z,0.0,0.05528310345105299,0,2,200
2026-09-22T07:25:46Z,1.0,0.435571600621079,0,2,200
2026-09-22T07:25:46Z,0.0,0.24831820293627732,0,2,200
2026-09-22T07:25:46Z,1.0,0.5244539797395948,1,2,200
2026-09-22T07:25:46Z,0.0,0.05288383157846592,0,2,200
2026-09-22T07:25:46Z,1.0,0.3252072463693333,0,2,200
2026-09-22T07:25:46Z,0.0,0.37348642914168145,0,2,200
2026-09-22T07:25:46Z,1.0,0.1409333877687599,0,2,200
2026-09-22T07:25:46Z,0.0,0.025510864836627203,0,2,200
2026-09-22T07:25:46Z,0.0,0.038154079018672085,0,2,200
2026-09-22T07:25:46Z,0.0,0.3542081644507625,0,2,200
2026-09-22T07:25:46Z,0.0,0.013846838650652553,0,2,200
2026-09-22T07:25:46Z,0.0,0.05096675702543583,0,2,200
2026-09-22T07:25:46Z,0.0,0.11011309993810876,0,2,200
2026-09-22T07:25:46Z,0.0,0.03967214269303426,0,2,200
2026-09-22T07:25:46Z,0.0,0.1689113093958214,0,2,200
2026-09-22T07:25:46Z,0.0,0.09983430676474642,0,2,200
2026-09-22T07:25:46Z,1.0,0.21584105949083765,0,2,200
2026-09-22T07:25:46Z,1.0,0.023707107991803943,0,2,200
2026-09-22T07:25:46Z,1.0,0.24195846118267272,0,2,200
2026-09-22T07:25:46Z,0.0,0.06477986674529031,0,2,200
2026-09-22T07:25:46Z,0.0,0.030560470573350006,0,2,200
2026-09-22T07:25:46Z,0.0,0.11852048862192677,0,2,200
2026-09-22T07:25:46Z,0.0,0.05528310345105299,0,2,200
2026-09-22T07:25:46Z,0.0,0.02811804644355089,0,2,200
2026-09-22T07:25:46Z,0.0,0.017791314176468655,0,2,200
2026-09-22T07:25:46Z,0.0,0.13849358374142398,0,2,200
2026-09-22T07:25:46Z,0.0,0.02265707557836572,0,2,200
2026-09-22T07:25:46Z,0.0,0.033043257954905064,0,2,200
2026-09-22T07:25:46Z,0.0,0.34611544658966836,0,2,200
2026-09-22T07:25:46Z,0.0,0.037811714707974224,0,2,200
2026-09-22T07:25:46Z,0.0,0.24116690809849226,0,2,200
2026-09-22T07:25:46Z,0.0,0.01742500414844293,0,2,200
2026-09-22T07:25:46Z,0.0,0.0773188067191381,0,2,200
2026-09-22T07:25:46Z,0.0,0.43036909967614717,0,2,200
2026-09-22T07:25:46Z,0.0,0.14867619263417914,0,2,200
2026-09-22T07:25:47Z,1.0,0.2579587432213992,0,4,200
2026-09-22T07:25:47Z,0.0,0.0586869020552533,0,4,200
2026-09-22T07:25:47Z,1.0,0.0714043229263453,0,4,200
2026-09-22T07:25:47Z,0.0,0.05351860459454612,0,4,200
2026-09-22T07:25:47Z,0.0,0.31126062206544675,0,4,200
2026-09-22T07:25:47Z,0.0,0.057687748234724466,0,4,200
2026-09-22T07:25:47Z,0.0,0.1113970205973513,0,4,200
2026-09-22T07:25:47Z,0.0,0.05351860459454612,0,4,200
2026-09-22T07:25:47Z,0.0,0.0586869020552533,0,4,200
2026-09-22T07:25:47Z,0.0,0.11879287149969571,0,4,200
2026-09-22T07:25:47Z,0.0,0.0655777160670333,0,4,200
2026-09-22T07:25:47Z,0.0,0.1113970205973513,0,4,200
2026-09-22T07:25:47Z,0.0,0.05351860459454612,0,4,200
2026-09-22T07:25:47Z,0.0,0.06091445549689052,0,4,200
2026-09-22T07:25:47Z,0.0,0.06356526759577937,0,4,200
2026-09-22T07:25:47Z,0.0,0.0655777160670333,0,4,200
2026-09-22T07:25:47Z,0.0,0.1709167118294663,0,4,200
2026-09-22T07:25:47Z,0.0,0.0655777160670333,0,4,200
2026-09-22T07:25:47Z,0.0,0.05351860459454612,0,4,200
2026-09-22T07:25:47Z,0.0,0.0586869020552533,0,4,200
2026-09-22T07:25:47Z,0.0,0.06778670320667055,0,2,200
2026-09-22T07:25:47Z,0.0,0.36130079537611953,0,2,200
2026-09-22T07:25:47Z,0.0,0.04218141944024358,0,2,200
2026-09-22T07:25:47Z,0.0,0.06038352960432854,0,2,200
2026-09-22T07:25:47Z,0.0,0.01976554684298958,0,2,200
2026-09-22T07:25:47Z,0.0,0.18278910114843552,0,2,200
2026-09-22T07:25:47Z,0.0,0.10771696016985978,0,2,200
2026-09-22T07:25:47Z,0.0,0.017602223540813478,0,2,200
2026-09-22T07:25:47Z,0.0,0.1546447435422048,0,2,200
2026-09-22T07:25:47Z,0.0,0.10457794016198557,0,2,200
2026-09-22T07:25:47Z,0.0,0.13558705225969195,0,2,200
2026-09-22T07:25:47Z,0.0,0.054538452695495475,0,2,200
2026-09-22T07:25:47Z,0.0,0.05385820833561194,0,2,200
2026-09-22T07:25:47Z,1.0,0.3672082434941724,0,2,200
2026-09-22T07:25:47Z,0.0,0.03197976999806585,0,2,200
2026-09-22T07:25:47Z,0.0,0.0770332904891244,0,2,200
2026-09-22T07:25:47Z,0.0,0.013360595635445047,0,2,200
2026-09-22T07:25:47Z,0.0,0.44870682784113747,0,2,200
2026-09-22T07:25:47Z,1.0,0.1381089393218812,0,2,200
2026-09-22T07:25:47Z,0.0,0.20147637960559112,0,2,200
2026-09-22T07:25:47Z,0.0,0.052363944367950215,0,2,200
2026-09-22T07:25:47Z,0.0,0.06902319836875624,0,2,200
2026-09-22T07:25:47Z,0.0,0.04911077164287867,0,2,200
2026-09-22T07:25:47Z,1.0,0.027173022233678613,0,2,200
2026-09-22T07:25:47Z,0.0,0.016269599273470013,0,2,200
2026-09-22T07:25:47Z,0.0,0.2490649164226209,0,2,200
2026-09-22T07:25:47Z,1.0,0.265026221599686,0,2,200
2026-09-22T07:25:47Z,0.0,0.020337437674907505,0,2,200
2026-09-22T07:25:47Z,0.0,0.44870682784113747,0,2,200
2026-09-22T07:25:47Z,1.0,0.04210983436497814,0,2,200
2026-09-22T07:25:47Z,0.0,0.02259593784055115,0,2,200
2026-09-22T07:25:47Z,0.0,0.02989225567017641,0,2,200
2026-09-22T07:25:47Z,0.0,0.017474837391996914,0,2,200
2026-09-22T07:25:47Z,0.0,0.2634235957097846,0,2,200
2026-09-22T07:25:47Z,0.0,0.01352421721099372,0,2,200
2026-09-22T07:25:47Z,1.0,0.48192186000843334,0,2,200
2026-09-22T07:25:47Z,0.0,0.0805900162803126,0,2,200
2026-09-22T07:25:47Z,0.0,0.16802609177238437,0,2,200
2026-09-22T07:25:47Z,1.0,0.06960335661194972,0,2,200
2026-09-22T07:25:47Z,0.0,0.12607674125168214,0,2,200
2026-09-22T07:25:48Z,0.0,0.014957789853349106,0,2,200
2026-09-22T07:25:48Z,0.0,0.4866626981467852,0,2,200
2026-09-22T07:25:48Z,0.0,0.0296107060799793,0,2,200
2026-09-22T07:25:48Z,0.0,0.13558705225969195,0,2,200
2026-09-22T07:25:48Z,0.0,0.04634870218879004,0,2,200
2026-09-22T07:25:48Z,0.0,0.04874380560278548,0,2,200
2026-09-22T07:25:48Z,0.0,0.07591091543183337,0,2,200
2026-09-22T07:25:48Z,0.0,0.02358737610807418,0,2,200
2026-09-22T07:25:48Z,1.0,0.183700722598323,0,2,200
2026-09-22T07:25:48Z,0.0,0.019505352015406353,0,2,200
2026-09-22T07:25:48Z,0.0,0.044373928627354495,0,2,200
2026-09-22T07:25:48Z,0.0,0.19226344101131157,0,2,200
2026-09-22T07:25:48Z,0.0,0.026018666792528476,0,2,200
2026-09-22T07:25:48Z,0.0,0.15267346146815375,0,2,200
2026-09-22T07:25:48Z,0.0,0.1605036954151923,0,2,200
2026-09-22T07:25:48Z,0.0,0.021157384092478585,0,2,200
2026-09-22T07:25:48Z,0.0,0.0773188067191381,0,2,200
2026-09-22T07:25:48Z,0.0,0.061230569852241186,0,2,200
2026-09-22T07:25:48Z,0.0,0.06534879943409105,0,2,200
2026-09-22T07:25:48Z,0.0,0.11470650823063164,0,2,200
2026-09-22T07:25:48Z,0.0,0.0655777160670333,0,4,200
2026-09-22T07:25:48Z,0.0,0.07074601352774049,0,4,200
2026-09-22T07:25:48Z,0.0,0.0655777160670333,0,4,200
2026-09-22T07:25:48Z,0.0,0.06356526759577937,0,4,200
2026-09-22T07:25:48Z,0.0,0.06508359913706888,0,4,200
2026-09-22T07:25:48Z,0.0,0.08676279595007612,0,4,200
2026-09-22T07:25:48Z,0.0,0.0655777160670333,0,4,200
2026-09-22T07:25:48Z,0.0,0.05995981709550093,0,4,200
2026-09-22T07:25:48Z,0.0,0.09334575032759845,0,4,200
2026-09-22T07:25:48Z,0.0,0.05351860459454612,0,4,200
2026-09-22T07:25:48Z,0.0,0.05351860459454612,0,4,200
2026-09-22T07:25:48Z,0.0,0.12540010380217415,0,4,200
2026-09-22T07:25:48Z,0.0,0.0586869020552533,0,4,200
2026-09-22T07:25:48Z,0.0,0.08159152632522186,0,4,200
2026-09-22T07:25:48Z,0.0,0.057687748234724466,0,4,200
2026-09-22T07:25:48Z,0.0,0.06356526759577937,0,4,200
2026-09-22T07:25:48Z,0.0,0.11879287149969571,0,4,200
2026-09-22T07:25:48Z,0.0,0.08676279595007612,0,4,200
2026-09-22T07:25:48Z,0.0,0.05351860459454612,0,4,200
2026-09-22T07:25:48Z,0.0,0.1165653180580585,0,4,200
2026-09-22T07:25:49Z,0.0,0.15769850160053053,0,2,200
2026-09-22T07:25:49Z,0.0,0.015010655932174715,0,2,200
2026-09-22T07:25:49Z,0.0,0.05182996955394909,0,2,200
2026-09-22T07:25:49Z,0.0,0.11296951781435104,0,2,200
2026-09-22T07:25:49Z,0.0,0.018167660439043835,0,2,200
2026-09-22T07:25:49Z,0.0,0.030885617718754216,0,2,200
2026-09-22T07:25:49Z,0.0,0.03153358473130143,0,2,200
2026-09-22T07:25:49Z,0.0,0.015892336731407792,0,2,200
2026-09-22T07:25:49Z,0.0,0.029518268489482483,0,2,200
2026-09-22T07:25:49Z,1.0,0.4037844825043223,0,2,200
2026-09-22T07:25:49Z,0.0,0.03717027725763608,0,2,200
2026-09-22T07:25:49Z,1.0,0.18798908505320455,0,2,200
2026-09-22T07:25:49Z,0.0,0.10677210734532011,0,2,200
2026-09-22T07:25:49Z,0.0,0.01282691194686035,0,2,200
2026-09-22T07:25:49Z,0.0,0.052484069793013684,0,2,200
2026-09-22T07:25:49Z,0.0,0.027837444379232967,0,2,200
2026-09-22T07:25:49Z,0.0,0.3652762615174061,0,2,200
2026-09-22T07:25:49Z,0.0,0.048629589151520755,0,2,200
2026-09-22T07:25:49Z,0.0,0.04874380560278548,0,2,200
2026-09-22T07:25:49Z,0.0,0.0851773350440506,0,2,200
2026-09-22T07:25:49Z,0.0,0.05351860459454612,0,4,200
2026-09-22T07:25:49Z,0.0,0.08159152632522186,0,4,200
2026-09-22T07:25:49Z,0.0,0.0655777160670333,0,4,200
2026-09-22T07:25:49Z,0.0,0.1113970205973513,0,4,200
2026-09-22T07:25:49Z,0.0,0.15888811951052534,0,4,200
2026-09-22T07:25:49Z,0.0,0.05351860459454612,0,4,200
2026-09-22T07:25:49Z,0.0,0.08676279595007612,0,4,200
2026-09-22T07:25:49Z,0.0,0.1113970205973513,0,4,200
2026-09-22T07:25:49Z,0.0,0.08676279595007612,0,4,200
2026-09-22T07:25:49Z,0.0,0.08676279595007612,0,4,200
2026-09-22T07:25:49Z,0.0,0.1709167118294663,0,4,200
2026-09-22T07:25:49Z,0.0,0.09334575032759845,0,4,200
2026-09-22T07:25:49Z,0.0,0.18823622872359871,0,4,200
2026-09-22T07:25:49Z,0.0,0.19606310145619296,0,4,200
2026-09-22T07:25:49Z,1.0,0.05351860459454612,0,4,200
2026-09-22T07:25:49Z,0.0,0.1165653180580585,0,4,200
2026-09-22T07:25:49Z,0.0,0.05351860459454612,0,4,200
2026-09-22T07:25:49Z,0.0,0.057687748234724466,0,4,200
2026-09-22T07:25:49Z,0.0,0.05351860459454612,0,4,200
2026-09-22T07:25:49Z,0.0,0.06091445549689052,0,4,200
2026-09-22T07:25:49Z,0.0,0.020445939352814677,0,2,200
2026-09-22T07:25:49Z,0.0,0.3324287522591521,0,2,200
2026-09-22T07:25:49Z,0.0,0.04583268480923608,0,2,200
2026-09-22T07:25:49Z,0.0,0.11923410940661203,0,2,200
2026-09-22T07:25:49Z,0.0,0.2615006067181367,0,2,200
2026-09-22T07:25:49Z,1.0,0.07159645081975752,0,2,200
2026-09-22T07:25:49Z,0.0,0.06335110653138176,0,2,200
2026-09-22T07:25:49Z,0.0,0.01400776785247455,0,2,200
2026-09-22T07:25:49Z,0.0,0.027596589805206805,0,2,200
2026-09-22T07:25:49Z,0.0,0.019615834999757043,0,2,200
2026-09-22T07:25:49Z,0.0,0.056746027875538424,0,2,200
2026-09-22T07:25:49Z,0.0,0.02816496740088168,0,2,200
2026-09-22T07:25:49Z,0.0,0.013629322318555128,0,2,200
2026-09-22T07:25:49Z,0.0,0.06891918321790928,0,2,200
2026-09-22T07:25:49Z,0.0,0.02825310599460059,0,2,200
2026-09-22T07:25:49Z,0.0,0.10296768678805186,0,2,200
2026-09-22T07:25:49Z,0.0,0.01971698635443843,0,2,200
2026-09-22T07:25:49Z,1.0,0.40857466893545163,0,2,200
2026-09-22T07:25:49Z,0.0,0.05288383157846592,0,2,200
2026-09-22T07:25:49Z,0.0,0.09866005173122717,0,2,200
2026-09-22T07:25:50Z,0.0,0.05528310345105299,0,2,200
2026-09-22T07:25:50Z,0.0,0.02622424077461752,0,2,200
2026-09-22T07:25:50Z,1.0,0.46268649390098493,0,2,200
2026-09-22T07:25:50Z,0.0,0.3578147699349229,0,2,200
2026-09-22T07:25:50Z,0.0,0.03153358473130143,0,2,200
2026-09-22T07:25:50Z,0.0,0.020984664088814477,0,2,200
2026-09-22T07:25:50Z,1.0,0.480948807765207,0,2,200
2026-09-22T07:25:50Z,0.0,0.04911077164287867,0,2,200
2026-09-22T07:25:50Z,0.0,0.016347253237683573,0,2,200
2026-09-22T07:25:50Z,0.0,0.12852958837178508,0,2,200
2026-09-22T07:25:50Z,0.0,0.0379417513380217,0,2,200
2026-09-22T07:25:50Z,0.0,0.028326324021713433,0,2,200
2026-09-22T07:25:50Z,0.0,0.5140031500433421,1,2,200
2026-09-22T07:25:50Z,0.0,0.02358737610807418,0,2,200
2026-09-22T07:25:50Z,0.0,0.01298890017122594,0,2,200
2026-09-22T07:25:50Z,0.0,0.19635537752576177,0,2,200
2026-09-22T07:25:50Z,0.0,0.05385820833561194,0,2,200
2026-09-22T07:25:50Z,0.0,0.13878658666702232,0,2,200
2026-09-22T07:25:50Z,0.0,0.09860126119856634,0,2,200
2026-09-22T07:25:50Z,0.0,0.3652762615174061,0,2,200
2026-09-22T07:25:50Z,0.0,0.019485652140486573,0,2,200
2026-09-22T07:25:50Z,1.0,0.07175098462269304,0,2,200
2026-09-22T07:25:50Z,0.0,0.017835491996469742,0,2,200
2026-09-22T07:25:50Z,0.0,0.0385608772125948,0,2,200
2026-09-22T07:25:50Z,0.0,0.1019217937920104,0,2,200
2026-09-22T07:25:50Z,0.0,0.15598620371907398,0,2,200
2026-09-22T07:25:50Z,0.0,0.03691925553988996,0,2,200
2026-09-22T07:25:50Z,0.0,0.2150046284779944,0,2,200
2026-09-22T07:25:50Z,0.0,0.10594532207356337,0,2,200
2026-09-22T07:25:50Z,0.0,0.12564395686816088,0,2,200
2026-09-22T07:25:50Z,0.0,0.022647589981160107,0,2,200
2026-09-22T07:25:50Z,0.0,0.048488744095750255,0,2,200
2026-09-22T07:25:50Z,1.0,0.46268649390098493,0,2,200
2026-09-22T07:25:50Z,0.0,0.4689332197234631,0,2,200
2026-09-22T07:25:50Z,0.0,0.07801991600219832,0,2,200
2026-09-22T07:25:50Z,0.0,0.037811714707974224,0,2,200
2026-09-22T07:25:50Z,0.0,0.10543121162069627,0,2,200
2026-09-22T07:25:50Z,0.0,0.046974028671088026,0,2,200
2026-09-22T07:25:50Z,0.0,0.11132985820775493,0,2,200
2026-09-22T07:25:50Z,0.0,0.04572240205602541,0,2,200
2026-09-22T07:25:50Z,0.0,0.015624549478282547,0,2,200
2026-09-22T07:25:50Z,0.0,0.3938094718443528,0,2,200
2026-09-22T07:25:50Z,0.0,0.02300257953195094,0,2,200
2026-09-22T07:25:50Z,0.0,0.17067333736329487,0,2,200
2026-09-22T07:25:50Z,0.0,0.18394773652487792,0,2,200
2026-09-22T07:25:50Z,1.0,0.3804295688737205,0,2,200
2026-09-22T07:25:50Z,0.0,0.11507068438042985,0,2,200
2026-09-22T07:25:50Z,0.0,0.026933842301271924,0,2,200
2026-09-22T07:25:50Z,0.0,0.016907747054478207,0,2,200
2026-09-22T07:25:50Z,0.0,0.06928584730751963,0,2,200
2026-09-22T07:25:50Z,0.0,0.46579899982698786,0,2,200
2026-09-22T07:25:50Z,0.0,0.030414267518796025,0,2,200
2026-09-22T07:25:50Z,0.0,0.02469377496859607,0,2,200
2026-09-22T07:25:50Z,0.0,0.04440888166460403,0,2,200
2026-09-22T07:25:50Z,0.0,0.03102644139082317,0,2,200
2026-09-22T07:25:50Z,0.0,0.06534879943409105,0,2,200
2026-09-22T07:25:50Z,0.0,0.013600070298617048,0,2,200
2026-09-22T07:25:50Z,1.0,0.2187049242114281,0,2,200
2026-09-22T07:25:50Z,1.0,0.26865081376568833,0,2,200
2026-09-22T07:25:50Z,0.0,0.16834510024571522,0,2,200
2026-09-22T07:25:51Z,0.0,0.10100970350772016,0,4,200
2026-09-22T07:25:51Z,1.0,0.41414788537934316,0,4,200
2026-09-22T07:25:51Z,1.0,0.0655777160670333,0,4,200
2026-09-22T07:25:51Z,0.0,0.06285604569543166,0,4,200
2026-09-22T07:25:51Z,0.0,0.22331528460565683,0,4,200
2026-09-22T07:25:51Z,0.0,0.0655777160670333,0,4,200
2026-09-22T07:25:51Z,0.0,0.057687748234724466,0,4,200
2026-09-22T07:25:51Z,0.0,0.0655777160670333,0,4,200
2026-09-22T07:25:51Z,0.0,0.0586869020552533,0,4,200
2026-09-22T07:25:51Z,0.0,0.09334575032759845,0,4,200
2026-09-22T07:25:51Z,0.0,0.06508359913706888,0,4,200
2026-09-22T07:25:51Z,0.0,0.1113970205973513,0,4,200
2026-09-22T07:25:51Z,0.0,0.05351860459454612,0,4,200
2026-09-22T07:25:51Z,0.0,0.07074601352774049,0,4,200
2026-09-22T07:25:51Z,0.0,0.0655777160670333,0,4,200
2026-09-22T07:25:51Z,0.0,0.05351860459454612,0,4,200
2026-09-22T07:25:51Z,0.0,0.0655777160670333,0,4,200
2026-09-22T07:25:51Z,1.0,0.38796651089247264,0,4,200
2026-09-22T07:25:51Z,0.0,0.05351860459454612,0,4,200
2026-09-22T07:25:51Z,0.0,0.18823622872359871,0,4,200
2026-09-22T07:25:51Z,1.0,0.5674305075844172,1,2,200
2026-09-22T07:25:51Z,0.0,0.03403119714186939,0,2,200
2026-09-22T07:25:51Z,0.0,0.5952993899604879,1,2,200
2026-09-22T07:25:51Z,0.0,0.47910513028843893,0,2,200
2026-09-22T07:25:51Z,0.0,0.24775052593551167,0,2,200
2026-09-22T07:25:51Z,0.0,0.08280422443329545,0,2,200
2026-09-22T07:25:51Z,0.0,0.014328575876997233,0,2,200
2026-09-22T07:25:51Z,0.0,0.06052512101676358,0,2,200
2026-09-22T07:25:51Z,0.0,0.40707928619818246,0,2,200
2026-09-22T07:25:51Z,1.0,0.5187577897953176,1,2,200
2026-09-22T07:25:51Z,0.0,0.02469377496859607,0,2,200
2026-09-22T07:25:51Z,0.0,0.19226344101131157,0,2,200
2026-09-22T07:25:51Z,0.0,0.022647589981160107,0,2,200
2026-09-22T07:25:51Z,0.0,0.10046999358809412,0,2,200
2026-09-22T07:25:51Z,0.0,0.054538452695495475,0,2,200
2026-09-22T07:25:51Z,0.0,0.3698787007543116,0,2,200
2026-09-22T07:25:51Z,0.0,0.02259593784055115,0,2,200
2026-09-22T07:25:51Z,0.0,0.060340451199267314,0,2,200
2026-09-22T07:25:51Z,0.0,0.1204458739926026,0,2,200
2026-09-22T07:25:51Z,0.0,0.4689332197234631,0,2,200
2026-09-22T07:25:51Z,0.0,0.04004534724650574,0,2,200
2026-09-22T07:25:51Z,0.0,0.027680015784580417,0,2,200
2026-09-22T07:25:51Z,0.0,0.041696224928108636,0,2,200
2026-09-22T07:25:51Z,0.0,0.03191947741124154,0,2,200
2026-09-22T07:25:51Z,0.0,0.02462772379555307,0,2,200
2026-09-22T07:25:51Z,0.0,0.02469377496859607,0,2,200
2026-09-22T07:25:51Z,0.0,0.1305597246263993,0,2,200
2026-09-22T07:25:51Z,0.0,0.24116690809849226,0,2,200
2026-09-22T07:25:51Z,0.0,0.014940626900470632,0,2,200
2026-09-22T07:25:51Z,0.0,0.016166616672357626,0,2,200
2026-09-22T07:25:51Z,0.0,0.02970036775093792,0,2,200
2026-09-22T07:25:51Z,0.0,0.04644580560464882,0,2,200
2026-09-22T07:25:51Z,0.0,0.022611008947691687,0,2,200
2026-09-22T07:25:51Z,0.0,0.04283513302078933,0,2,200
2026-09-22T07:25:51Z,0.0,0.08478129618765635,0,2,200
2026-09-22T07:25:51Z,0.0,0.15598620371907398,0,2,200
2026-09-22T07:25:51Z,0.0,0.01339691946646136,0,2,200
2026-09-22T07:25:51Z,0.0,0.02376732320627071,0,2,200
2026-09-22T07:25:51Z,0.0,0.026933842301271924,0,2,200
2026-09-22T07:25:51Z,0.0,0.17316908254980592,0,2,200
2026-09-22T07:25:52Z,0.0,0.31033655322617343,0,2,200
2026-09-22T07:25:52Z,0.0,0.01976554684298958,0,2,200
2026-09-22T07:25:52Z,0.0,0.2077850803820075,0,2,200
2026-09-22T07:25:52Z,0.0,0.12519104296356262,0,2,200
2026-09-22T07:25:52Z,0.0,0.03403119714186939,0,2,200
2026-09-22T07:25:52Z,0.0,0.02607975813664271,0,2,200
2026-09-22T07:25:52Z,0.0,0.40707928619818246,0,2,200
2026-09-22T07:25:52Z,1.0,0.6068577106943612,1,2,200
2026-09-22T07:25:52Z,0.0,0.022811620973013272,0,2,200
2026-09-22T07:25:52Z,0.0,0.18954563721103665,0,2,200
2026-09-22T07:25:52Z,0.0,0.04482991291892764,0,2,200
2026-09-22T07:25:52Z,0.0,0.10594532207356337,0,2,200
2026-09-22T07:25:52Z,1.0,0.3584345601611068,0,2,200
2026-09-22T07:25:52Z,0.0,0.021943010210323074,0,2,200
2026-09-22T07:25:52Z,0.0,0.03019728450597267,0,2,200
2026-09-22T07:25:52Z,0.0,0.12719422147997508,0,2,200
2026-09-22T07:25:52Z,0.0,0.3938094718443528,0,2,200
2026-09-22T07:25:52Z,0.0,0.02259593784055115,0,2,200
2026-09-22T07:25:52Z,0.0,0.16467812666380194,0,2,200
2026-09-22T07:25:52Z,0.0,0.01298890017122594,0,2,200
2026-09-22T07:25:52Z,0.0,0.16449886069874367,0,2,200
2026-09-22T07:25:52Z,0.0,0.13849358374142398,0,2,200
2026-09-22T07:25:52Z,1.0,0.3584345601611068,0,2,200
2026-09-22T07:25:52Z,0.0,0.12401387800452106,0,2,200
2026-09-22T07:25:52Z,0.0,0.12011279136107204,0,2,200
2026-09-22T07:25:52Z,0.0,0.029641282607477015,0,2,200
2026-09-22T07:25:52Z,0.0,0.02523474596608047,0,2,200
2026-09-22T07:25:52Z,0.0,0.1295070793405043,0,2,200
2026-09-22T07:25:52Z,1.0,0.21204355636588257,0,2,200
2026-09-22T07:25:52Z,0.0,0.06183943572947879,0,2,200
2026-09-22T07:25:52Z,1.0,0.1157756173241842,0,2,200
2026-09-22T07:25:52Z,0.0,0.052102354429599866,0,2,200
2026-09-22T07:25:52Z,0.0,0.017012448017039435,0,2,200
2026-09-22T07:25:52Z,0.0,0.06725742517736645,0,2,200
2026-09-22T07:25:52Z,1.0,0.3911915744087691,0,2,200
2026-09-22T07:25:52Z,0.0,0.01742500414844293,0,2,200
2026-09-22T07:25:52Z,0.0,0.26898992433252306,0,2,200
2026-09-22T07:25:52Z,0.0,0.01400776785247455,0,2,200
2026-09-22T07:25:52Z,0.0,0.03255140751091589,0,2,200
2026-09-22T07:25:52Z,0.0,0.12072987548441613,0,2,200
2026-09-22T07:25:52Z,0.0,0.13940612133864472,0,2,200
2026-09-22T07:25:52Z,0.0,0.09829991586562035,0,2,200
2026-09-22T07:25:52Z,0.0,0.048729194318046065,0,2,200
2026-09-22T07:25:52Z,1.0,0.2355415416256513,0,2,200
2026-09-22T07:25:52Z,0.0,0.014095662685989822,0,2,200
2026-09-22T07:25:52Z,0.0,0.029165945428512856,0,2,200
2026-09-22T07:25:52Z,0.0,0.11458539992682146,0,2,200
2026-09-22T07:25:52Z,0.0,0.030414267518796025,0,2,200
2026-09-22T07:25:52Z,0.0,0.06183943572947879,0,2,200
2026-09-22T07:25:52Z,0.0,0.1738303967449231,0,2,200
2026-09-22T07:25:52Z,1.0,0.3911915744087691,0,2,200
2026-09-22T07:25:52Z,0.0,0.3324287522591521,0,2,200
2026-09-22T07:25:52Z,0.0,0.019404284586265218,0,2,200
2026-09-22T07:25:52Z,0.0,0.4098440503883387,0,2,200
2026-09-22T07:25:52Z,0.0,0.0504449538541113,0,2,200
2026-09-22T07:25:52Z,0.0,0.08492873167002023,0,2,200
2026-09-22T07:25:52Z,0.0,0.19345083005721903,0,2,200
2026-09-22T07:25:52Z,1.0,0.2090899831526037,0,2,200
2026-09-22T07:25:52Z,0.0,0.023278390611101662,0,2,200
2026-09-22T07:25:52Z,0.0,0.06540940197059088,0,2,200
2026-09-22T07:25:53Z,0.0,0.06017798776831809,0,2,200
2026-09-22T07:25:53Z,1.0,0.2409091474343233,0,2,200
2026-09-22T07:25:53Z,0.0,0.028486509070347343,0,2,200
2026-09-22T07:25:53Z,0.0,0.02820502584204194,0,2,200
2026-09-22T07:25:53Z,0.0,0.012970892682819462,0,2,200
2026-09-22T07:25:53Z,0.0,0.24775052593551167,0,2,200
2026-09-22T07:25:53Z,0.0,0.14461160231424366,0,2,200
2026-09-22T07:25:53Z,0.0,0.25100013802564763,0,2,200
2026-09-22T07:25:53Z,1.0,0.5465019437342181,1,2,200
2026-09-22T07:25:53Z,0.0,0.43036909967614717,0,2,200
2026-09-22T07:25:53Z,1.0,0.1157756173241842,0,2,200
2026-09-22T07:25:53Z,1.0,0.504293354252992,1,2,200
2026-09-22T07:25:53Z,0.0,0.014008414619144333,0,2,200
2026-09-22T07:25:53Z,0.0,0.044086270744395,0,2,200
2026-09-22T07:25:53Z,0.0,0.12719422147997508,0,2,200
2026-09-22T07:25:53Z,0.0,0.016554124423237244,0,2,200
2026-09-22T07:25:53Z,0.0,0.013600070298617048,0,2,200
2026-09-22T07:25:53Z,0.0,0.1513633922802773,0,2,200
2026-09-22T07:25:53Z,0.0,0.2430185895044239,0,2,200
2026-09-22T07:25:53Z,0.0,0.24618582819292523,0,2,200
2026-09-22T07:25:53Z,0.0,0.09466520956550799,0,2,200
2026-09-22T07:25:53Z,0.0,0.04850556477806012,0,2,200
2026-09-22T07:25:53Z,0.0,0.041696224928108636,0,2,200
2026-09-22T07:25:53Z,0.0,0.01339691946646136,0,2,200
2026-09-22T07:25:53Z,0.0,0.0665926488263328,0,2,200
2026-09-22T07:25:53Z,0.0,0.04911077164287867,0,2,200
2026-09-22T07:25:53Z,0.0,0.01721746721014542,0,2,200
2026-09-22T07:25:53Z,0.0,0.01742500414844293,0,2,200
2026-09-22T07:25:53Z,0.0,0.019505352015406353,0,2,200
2026-09-22T07:25:53Z,0.0,0.02265707557836572,0,2,200
2026-09-22T07:25:53Z,1.0,0.18748847068337962,0,2,200
2026-09-22T07:25:53Z,0.0,0.017474837391996914,0,2,200
2026-09-22T07:25:53Z,0.0,0.14867619263417914,0,2,200
2026-09-22T07:25:53Z,0.0,0.03666700201767664,0,2,200
2026-09-22T07:25:53Z,0.0,0.46236470935676066,0,2,200
2026-09-22T07:25:53Z,0.0,0.11933643530446528,0,2,200
2026-09-22T07:25:53Z,0.0,0.22871169503820316,0,2,200
2026-09-22T07:25:53Z,0.0,0.1019217937920104,0,2,200
2026-09-22T07:25:53Z,1.0,0.20435912454209706,0,2,200
2026-09-22T07:25:53Z,0.0,0.2106893482928767,0,2,200
2026-09-22T07:25:54Z,1.0,0.46268649390098493,0,2,200
2026-09-22T07:25:54Z,0.0,0.305253126810579,0,2,200
2026-09-22T07:25:54Z,0.0,0.02039847888825217,0,2,200
2026-09-22T07:25:54Z,0.0,0.03635380716140299,0,2,200
2026-09-22T07:25:54Z,0.0,0.016981131974241514,0,2,200
2026-09-22T07:25:54Z,0.0,0.09965881233110636,0,2,200
2026-09-22T07:25:54Z,0.0,0.2634235957097846,0,2,200
2026-09-22T07:25:54Z,0.0,0.2264760656156496,0,2,200
2026-09-22T07:25:54Z,0.0,0.015446410222280929,0,2,200
2026-09-22T07:25:54Z,0.0,0.46236470935676066,0,2,200
2026-09-22T07:25:54Z,0.0,0.06777108370371293,0,2,200
2026-09-22T07:25:54Z,1.0,0.5495526621086776,1,2,200
2026-09-22T07:25:54Z,0.0,0.2116378328613388,0,2,200
2026-09-22T07:25:54Z,0.0,0.1513633922802773,0,2,200
2026-09-22T07:25:54Z,0.0,0.11011309993810876,0,2,200
2026-09-22T07:25:54Z,0.0,0.03908861220155728,0,2,200
2026-09-22T07:25:54Z,0.0,0.0246287949080137,0,2,200
2026-09-22T07:25:54Z,0.0,0.015624549478282547,0,2,200
2026-09-22T07:25:54Z,0.0,0.23227803807510447,0,2,200
2026-09-22T07:25:54Z,0.0,0.06052512101676358,0,2,200
2026-09-22T07:25:54Z,0.0,0.03830436795038769,0,2,200
2026-09-22T07:25:54Z,0.0,0.09722298496584748,0,2,200
2026-09-22T07:25:54Z,0.0,0.04418856674217678,0,2,200
2026-09-22T07:25:54Z,0.0,0.04913567178559476,0,2,200
2026-09-22T07:25:54Z,0.0,0.11015632953665425,0,2,200
2026-09-22T07:25:54Z,0.0,0.1671383585180241,0,2,200
2026-09-22T07:25:54Z,0.0,0.13181479186536665,0,2,200
2026-09-22T07:25:54Z,0.0,0.1235501787543636,0,2,200
2026-09-22T07:25:54Z,1.0,0.48005366286255785,0,2,200
2026-09-22T07:25:54Z,0.0,0.15598620371907398,0,2,200
2026-09-22T07:25:54Z,0.0,0.06534879943409105,0,2,200
2026-09-22T07:25:54Z,0.0,0.2264760656156496,0,2,200
2026-09-22T07:25:54Z,1.0,0.18896205915013797,0,2,200
2026-09-22T07:25:54Z,0.0,0.060340451199267314,0,2,200
2026-09-22T07:25:54Z,0.0,0.03801936711421822,0,2,200
2026-09-22T07:25:54Z,1.0,0.5201133023007184,1,2,200
2026-09-22T07:25:54Z,0.0,0.028486509070347343,0,2,200
2026-09-22T07:25:54Z,0.0,0.04589897175993205,0,2,200
2026-09-22T07:25:54Z,0.0,0.04218141944024358,0,2,200
2026-09-22T07:25:54Z,0.0,0.06617040229835741,0,2,200
2026-09-22T07:25:54Z,0.0,0.2993202712034832,0,2,200
2026-09-22T07:25:54Z,0.0,0.0287859480559948,0,2,200
2026-09-22T07:25:54Z,0.0,0.03500678277530642,0,2,200
2026-09-22T07:25:54Z,1.0,0.40703536961912506,0,2,200
2026-09-22T07:25:54Z,1.0,0.472194827650702,0,2,200
2026-09-22T07:25:54Z,0.0,0.10771696016985978,0,2,200
2026-09-22T07:25:54Z,0.0,0.12564395686816088,0,2,200
2026-09-22T07:25:54Z,0.0,0.11922608271793553,0,2,200
2026-09-22T07:25:54Z,1.0,0.4368334892992561,0,2,200
2026-09-22T07:25:54Z,1.0,0.40600349641447053,0,2,200
2026-09-22T07:25:54Z,0.0,0.13558111783422302,0,2,200
2026-09-22T07:25:54Z,0.0,0.05825732507892671,0,2,200
2026-09-22T07:25:54Z,0.0,0.11576674644017328,0,2,200
2026-09-22T07:25:54Z,0.0,0.08411838995475117,0,2,200
2026-09-22T07:25:54Z,0.0,0.080562201129844,0,2,200
2026-09-22T07:25:54Z,1.0,0.18957208324036462,0,2,200
2026-09-22T07:25:54Z,0.0,0.01742500414844293,0,2,200
2026-09-22T07:25:54Z,0.0,0.014058021168194747,0,2,200
2026-09-22T07:25:54Z,0.0,0.1646310371994464,0,2,200
2026-09-22T07:25:54Z,0.0,0.03395267269527047,0,2,200
2026-09-22T07:25:55Z,0.0,0.04297531258076811,0,2,200
2026-09-22T07:25:55Z,0.0,0.03197976999806585,0,2,200
2026-09-22T07:25:55Z,0.0,0.015430161327376526,0,2,200
2026-09-22T07:25:55Z,0.0,0.11576674644017328,0,2,200
2026-09-22T07:25:55Z,0.0,0.030835071596552834,0,2,200
2026-09-22T07:25:55Z,0.0,0.02462772379555307,0,2,200
2026-09-22T07:25:55Z,0.0,0.013846838650652553,0,2,200
2026-09-22T07:25:55Z,0.0,0.019323028908684654,0,2,200
2026-09-22T07:25:55Z,0.0,0.02578347680392077,0,2,200
2026-09-22T07:25:55Z,1.0,0.15176305995066938,0,2,200
2026-09-22T07:25:55Z,0.0,0.06777108370371293,0,2,200
2026-09-22T07:25:55Z,0.0,0.02825310599460059,0,2,200
2026-09-22T07:25:55Z,0.0,0.017583949969872767,0,2,200
2026-09-22T07:25:55Z,0.0,0.07630677539061909,0,2,200
2026-09-22T07:25:55Z,0.0,0.22207713492122214,0,2,200
2026-09-22T07:25:55Z,0.0,0.039760535748701066,0,2,200
2026-09-22T07:25:55Z,1.0,0.1157756173241842,0,2,200
2026-09-22T07:25:55Z,0.0,0.0665926488263328,0,2,200
2026-09-22T07:25:55Z,0.0,0.12607674125168214,0,2,200
2026-09-22T07:25:55Z,0.0,0.01674208478779464,0,2,200
2026-09-22T07:25:55Z,0.0,0.1113970205973513,0,4,200
2026-09-22T07:25:55Z,0.0,0.08676279595007612,0,4,200
2026-09-22T07:25:55Z,1.0,0.30060520269803825,0,4,200
2026-09-22T07:25:55Z,0.0,0.0655777160670333,0,4,200
2026-09-22T07:25:55Z,0.0,0.05351860459454612,0,4,200
2026-09-22T07:25:55Z,0.0,0.23211716966243173,0,4,200
2026-09-22T07:25:55Z,0.0,0.06091445549689052,0,4,200
2026-09-22T07:25:55Z,0.0,0.057687748234724466,0,4,200
2026-09-22T07:25:55Z,0.0,0.18823622872359871,0,4,200
2026-09-22T07:25:55Z,0.0,0.05351860459454612,0,4,200
2026-09-22T07:25:55Z,0.0,0.05351860459454612,0,4,200
2026-09-22T07:25:55Z,0.0,0.4021192930604022,0,4,200
2026-09-22T07:25:55Z,0.0,0.05351860459454612,0,4,200
2026-09-22T07:25:55Z,0.0,0.05351860459454612,0,4,200
2026-09-22T07:25:55Z,1.0,0.31126062206544675,0,4,200
2026-09-22T07:25:55Z,0.0,0.1113970205973513,0,4,200
2026-09-22T07:25:55Z,0.0,0.057687748234724466,0,4,200
2026-09-22T07:25:55Z,0.0,0.20296974188569608,0,4,200
2026-09-22T07:25:55Z,0.0,0.07615822775247118,0,4,200
2026-09-22T07:25:55Z,0.0,0.10939991656842105,0,4,200
2026-09-22T07:25:55Z,0.0,0.02401344053036393,0,2,200
2026-09-22T07:25:55Z,1.0,0.17998536054467984,0,2,200
2026-09-22T07:25:55Z,0.0,0.025859366841130674,0,2,200
2026-09-22T07:25:55Z,0.0,0.20345430215322224,0,2,200
2026-09-22T07:25:55Z,0.0,0.01638197128141164,0,2,200
2026-09-22T07:25:55Z,0.0,0.18494043608604954,0,2,200
2026-09-22T07:25:55Z,0.0,0.013799743416164061,0,2,200
2026-09-22T07:25:55Z,0.0,0.5952993899604879,1,2,200
2026-09-22T07:25:55Z,0.0,0.08703530619114312,0,2,200
2026-09-22T07:25:55Z,0.0,0.013416476796858177,0,2,200
2026-09-22T07:25:55Z,1.0,0.48352308289238294,0,2,200
2026-09-22T07:25:55Z,0.0,0.01518909498833418,0,2,200
2026-09-22T07:25:55Z,0.0,0.03973479530139972,0,2,200
2026-09-22T07:25:55Z,0.0,0.4098440503883387,0,2,200
2026-09-22T07:25:55Z,0.0,0.05039794829110694,0,2,200
2026-09-22T07:25:55Z,0.0,0.026579359735232205,0,2,200
2026-09-22T07:25:55Z,1.0,0.272672184649941,0,2,200
2026-09-22T07:25:55Z,0.0,0.3578147699349229,0,2,200
2026-09-22T07:25:55Z,0.0,0.04434714278771394,0,2,200
2026-09-22T07:25:55Z,0.0,0.0326025924663432,0,2,200
2026-09-22T07:25:56Z,0.0,0.025792292839869037,0,2,200
2026-09-22T07:25:56Z,0.0,0.06378918936433536,0,2,200
2026-09-22T07:25:56Z,0.0,0.41198893263332836,0,2,200
2026-09-22T07:25:56Z,0.0,0.030221424066740735,0,2,200
2026-09-22T07:25:56Z,0.0,0.15871748060379337,0,2,200
2026-09-22T07:25:56Z,0.0,0.016907747054478207,0,2,200
2026-09-22T07:25:56Z,0.0,0.10938394199786546,0,2,200
2026-09-22T07:25:56Z,0.0,0.0322793451286513,0,2,200
2026-09-22T07:25:56Z,0.0,0.0501476691252126,0,2,200
2026-09-22T07:25:56Z,0.0,0.02376732320627071,0,2,200
2026-09-22T07:25:56Z,0.0,0.11015632953665425,0,2,200
2026-09-22T07:25:56Z,0.0,0.36825622985559525,0,2,200
2026-09-22T07:25:56Z,0.0,0.01827190910730446,0,2,200
2026-09-22T07:25:56Z,0.0,0.016166616672357626,0,2,200
2026-09-22T07:25:56Z,0.0,0.025998103497128607,0,2,200
2026-09-22T07:25:56Z,0.0,0.05096675702543583,0,2,200
2026-09-22T07:25:56Z,0.0,0.09997402959865782,0,2,200
2026-09-22T07:25:56Z,1.0,0.42152548002847845,0,2,200
2026-09-22T07:25:56Z,0.0,0.02043913213794617,0,2,200
2026-09-22T07:25:56Z,0.0,0.03255140751091589,0,2,200
2026-09-22T07:25:56Z,1.0,0.14366109435275998,0,2,200
2026-09-22T07:25:56Z,1.0,0.49625036558905306,0,2,200
2026-09-22T07:25:56Z,0.0,0.25757554121001763,0,2,200
2026-09-22T07:25:56Z,0.0,0.12267666914012437,0,2,200
2026-09-22T07:25:56Z,0.0,0.1877435449209267,0,2,200
2026-09-22T07:25:56Z,1.0,0.3895816163644223,0,2,200
2026-09-22T07:25:56Z,0.0,0.03317936196594368,0,2,200
2026-09-22T07:25:56Z,0.0,0.0770332904891244,0,2,200
2026-09-22T07:25:56Z,1.0,0.5433359733203943,1,2,200
2026-09-22T07:25:56Z,0.0,0.1793910758621011,0,2,200
2026-09-22T07:25:56Z,1.0,0.4037844825043223,0,2,200
2026-09-22T07:25:56Z,1.0,0.4368334892992561,0,2,200
2026-09-22T07:25:56Z,0.0,0.05182996955394909,0,2,200
2026-09-22T07:25:56Z,1.0,0.26291024935492374,0,2,200
2026-09-22T07:25:56Z,0.0,0.03102644139082317,0,2,200
2026-09-22T07:25:56Z,0.0,0.08810407943468178,0,2,200
2026-09-22T07:25:56Z,0.0,0.014273868585395859,0,2,200
2026-09-22T07:25:56Z,0.0,0.039712819272002146,0,2,200
2026-09-22T07:25:56Z,0.0,0.05835007202243357,0,2,200
2026-09-22T07:25:56Z,0.0,0.2109955628485559,0,2,200
2026-09-22T07:25:56Z,0.0,0.10313639102011982,0,2,200
2026-09-22T07:25:56Z,0.0,0.26898992433252306,0,2,200
2026-09-22T07:25:56Z,1.0,0.48192186000843334,0,2,200
2026-09-22T07:25:56Z,0.0,0.024809254543829696,0,2,200
2026-09-22T07:25:56Z,0.0,0.1196307420567866,0,2,200
2026-09-22T07:25:56Z,0.0,0.01976554684298958,0,2,200
2026-09-22T07:25:56Z,0.0,0.0350193524982519,0,2,200
2026-09-22T07:25:56Z,0.0,0.4447200208341847,0,2,200
2026-09-22T07:25:56Z,0.0,0.2109955628485559,0,2,200
2026-09-22T07:25:56Z,0.0,0.5560861622398108,1,2,200
2026-09-22T07:25:56Z,0.0,0.12011279136107204,0,2,200
2026-09-22T07:25:56Z,0.0,0.1689113093958214,0,2,200
2026-09-22T07:25:56Z,1.0,0.3230868488173445,0,2,200
2026-09-22T07:25:56Z,0.0,0.02523474596608047,0,2,200
2026-09-22T07:25:56Z,0.0,0.2228351515446556,0,2,200
2026-09-22T07:25:56Z,1.0,0.2187049242114281,0,2,200
2026-09-22T07:25:56Z,0.0,0.11458539992682146,0,2,200
2026-09-22T07:25:56Z,0.0,0.017474837391996914,0,2,200
2026-09-22T07:25:56Z,0.0,0.03395267269527047,0,2,200
2026-09-22T07:25:56Z,0.0,0.11826091215468607,0,2,200
2026-09-22T07:25:57Z,0.0,0.1793910758621011,0,2,200
2026-09-22T07:25:57Z,1.0,0.2097352252734591,0,2,200
2026-09-22T07:25:57Z,0.0,0.05134986912720074,0,2,200
2026-09-22T07:25:57Z,0.0,0.025589940323065493,0,2,200
2026-09-22T07:25:57Z,0.0,0.14461160231424366,0,2,200
2026-09-22T07:25:57Z,0.0,0.1546447435422048,0,2,200
2026-09-22T07:25:57Z,0.0,0.18143418169683087,0,2,200
2026-09-22T07:25:57Z,0.0,0.12607674125168214,0,2,200
2026-09-22T07:25:57Z,0.0,0.017602223540813478,0,2,200
2026-09-22T07:25:57Z,0.0,0.2637541419576141,0,2,200
2026-09-22T07:25:57Z,0.0,0.06902319836875624,0,2,200
2026-09-22T07:25:57Z,0.0,0.06183943572947879,0,2,200
2026-09-22T07:25:57Z,1.0,0.17998536054467984,0,2,200
2026-09-22T07:25:57Z,0.0,0.080562201129844,0,2,200
2026-09-22T07:25:57Z,0.0,0.08023738642635184,0,2,200
2026-09-22T07:25:57Z,0.0,0.018767502821361564,0,2,200
2026-09-22T07:25:57Z,0.0,0.0310622415573198,0,2,200
2026-09-22T07:25:57Z,1.0,0.480948807765207,0,2,200
2026-09-22T07:25:57Z,0.0,0.199604149861621,0,2,200
2026-09-22T07:25:57Z,0.0,0.1917987428596361,0,2,200
2026-09-22T07:25:57Z,0.0,0.013734997023162119,0,2,200
2026-09-22T07:25:57Z,0.0,0.07630677539061909,0,2,200
2026-09-22T07:25:57Z,0.0,0.24618582819292523,0,2,200
2026-09-22T07:25:57Z,0.0,0.013418594541426054,0,2,200
2026-09-22T07:25:57Z,0.0,0.01867000091846589,0,2,200
2026-09-22T07:25:57Z,0.0,0.22600186607366302,0,2,200
2026-09-22T07:25:57Z,0.0,0.17191132420967783,0,2,200
2026-09-22T07:25:57Z,0.0,0.025998103497128607,0,2,200
2026-09-22T07:25:57Z,0.0,0.061230569852241186,0,2,200
2026-09-22T07:25:57Z,0.0,0.015180923375121367,0,2,200
2026-09-22T07:25:57Z,0.0,0.04357136625297354,0,2,200
2026-09-22T07:25:57Z,0.0,0.017012448017039435,0,2,200
2026-09-22T07:25:57Z,0.0,0.013036273465992948,0,2,200
2026-09-22T07:25:57Z,0.0,0.11933643530446528,0,2,200
2026-09-22T07:25:57Z,0.0,0.029165945428512856,0,2,200
2026-09-22T07:25:57Z,0.0,0.016907747054478207,0,2,200
2026-09-22T07:25:57Z,0.0,0.02259593784055115,0,2,200
2026-09-22T07:25:57Z,0.0,0.019814305258879828,0,2,200
2026-09-22T07:25:57Z,0.0,0.021252864209526937,0,2,200
2026-09-22T07:25:57Z,0.0,0.40707928619818246,0,2,200
2026-09-22T07:25:57Z,0.0,0.022611008947691687,0,2,200
2026-09-22T07:25:57Z,0.0,0.06038352960432854,0,2,200
2026-09-22T07:25:57Z,0.0,0.03724029849853637,0,2,200
2026-09-22T07:25:57Z,0.0,0.013798967622332405,0,2,200
2026-09-22T07:25:57Z,0.0,0.013197653697154468,0,2,200
2026-09-22T07:25:57Z,1.0,0.21204355636588257,0,2,200
2026-09-22T07:25:57Z,0.0,0.060340451199267314,0,2,200
2026-09-22T07:25:57Z,1.0,0.3584345601611068,0,2,200
2026-09-22T07:25:57Z,0.0,0.11714297242693998,0,2,200
2026-09-22T07:25:57Z,1.0,0.37460543895333465,0,2,200
2026-09-22T07:25:57Z,0.0,0.08346152204478026,0,2,200
2026-09-22T07:25:57Z,0.0,0.014402439641855615,0,2,200
2026-09-22T07:25:57Z,0.0,0.40707928619818246,0,2,200
2026-09-22T07:25:57Z,0.0,0.05825732507892671,0,2,200
2026-09-22T07:25:57Z,0.0,0.037811714707974224,0,2,200
2026-09-22T07:25:57Z,0.0,0.02637687587546794,0,2,200
2026-09-22T07:25:57Z,0.0,0.09866005173122717,0,2,200
2026-09-22T07:25:57Z,0.0,0.030962294009552103,0,2,200
2026-09-22T07:25:57Z,0.0,0.014386750651367368,0,2,200
2026-09-22T07:25:57Z,0.0,0.1546447435422048,0,2,200
2026-09-22T07:25:58Z,0.0,0.020337437674907505,0,2,200
2026-09-22T07:25:58Z,0.0,0.013197653697154468,0,2,200
2026-09-22T07:25:58Z,0.0,0.02637687587546794,0,2,200
2026-09-22T07:25:58Z,0.0,0.01282691194686035,0,2,200
2026-09-22T07:25:58Z,0.0,0.11936568488507796,0,2,200
2026-09-22T07:25:58Z,0.0,0.013336490691422486,0,2,200
2026-09-22T07:25:58Z,1.0,0.26865081376568833,0,2,200
2026-09-22T07:25:58Z,0.0,0.02405132414741478,0,2,200
2026-09-22T07:25:58Z,0.0,0.03724029849853637,0,2,200
2026-09-22T07:25:58Z,0.0,0.13273734570231316,0,2,200
2026-09-22T07:25:58Z,0.0,0.0768557930290689,0,2,200
2026-09-22T07:25:58Z,0.0,0.016056414203511286,0,2,200
2026-09-22T07:25:58Z,0.0,0.014058021168194747,0,2,200
2026-09-22T07:25:58Z,0.0,0.47947759281770813,0,2,200
2026-09-22T07:25:58Z,0.0,0.029863102048947404,0,2,200
2026-09-22T07:25:58Z,0.0,0.25425390712555307,0,2,200
2026-09-22T07:25:58Z,0.0,0.013911316205004192,0,2,200
2026-09-22T07:25:58Z,0.0,0.042849337839941624,0,2,200
2026-09-22T07:25:58Z,0.0,0.0293253066685719,0,2,200
2026-09-22T07:25:58Z,0.0,0.02674047969221384,0,2,200
2026-09-22T07:25:58Z,0.0,0.17191132420967783,0,2,200
2026-09-22T07:25:58Z,0.0,0.07369974083547282,0,2,200
2026-09-22T07:25:58Z,0.0,0.026885011282095004,0,2,200
2026-09-22T07:25:58Z,0.0,0.4866626981467852,0,2,200
2026-09-22T07:25:58Z,0.0,0.09952648763121288,0,2,200
2026-09-22T07:25:58Z,0.0,0.013360595635445047,0,2,200
2026-09-22T07:25:58Z,0.0,0.21332698301736677,0,2,200
2026-09-22T07:25:58Z,0.0,0.07630677539061909,0,2,200
2026-09-22T07:25:58Z,0.0,0.080562201129844,0,2,200
2026-09-22T07:25:58Z,0.0,0.1012222502735698,0,2,200
2026-09-22T07:25:58Z,0.0,0.3971710362397421,0,2,200
2026-09-22T07:25:58Z,0.0,0.0471041521479518,0,2,200
2026-09-22T07:25:58Z,0.0,0.01742500414844293,0,2,200
2026-09-22T07:25:58Z,0.0,0.2051264284459886,0,2,200
2026-09-22T07:25:58Z,0.0,0.02358737610807418,0,2,200
2026-09-22T07:25:58Z,0.0,0.01741605751087277,0,2,200
2026-09-22T07:25:58Z,1.0,0.3252072463693333,0,2,200
2026-09-22T07:25:58Z,0.0,0.09371125300372687,0,2,200
2026-09-22T07:25:58Z,1.0,0.3672082434941724,0,2,200
2026-09-22T07:25:58Z,0.0,0.020337437674907505,0,2,200
2026-09-22T07:25:59Z,0.0,0.01352421721099372,0,2,200
2026-09-22T07:25:59Z,0.0,0.5560861622398108,1,2,200
2026-09-22T07:25:59Z,1.0,0.1409333877687599,0,2,200
2026-09-22T07:25:59Z,0.0,0.05658398089001872,0,2,200
2026-09-22T07:25:59Z,0.0,0.07630794846385007,0,2,200
2026-09-22T07:25:59Z,0.0,0.05465738912230985,0,2,200
2026-09-22T07:25:59Z,0.0,0.21739694166321843,0,2,200
2026-09-22T07:25:59Z,0.0,0.04476833378720655,0,2,200
2026-09-22T07:25:59Z,1.0,0.3983443054522311,0,2,200
2026-09-22T07:25:59Z,0.0,0.15598620371907398,0,2,200
2026-09-22T07:25:59Z,0.0,0.018594318886376873,0,2,200
2026-09-22T07:25:59Z,0.0,0.11933643530446528,0,2,200
2026-09-22T07:25:59Z,0.0,0.16172334773969557,0,2,200
2026-09-22T07:25:59Z,0.0,0.2264760656156496,0,2,200
2026-09-22T07:25:59Z,0.0,0.3542081644507625,0,2,200
2026-09-22T07:25:59Z,1.0,0.4690618080124053,0,2,200
2026-09-22T07:25:59Z,0.0,0.04218141944024358,0,2,200
2026-09-22T07:25:59Z,1.0,0.424007790713177,0,2,200
2026-09-22T07:25:59Z,0.0,0.039861812123258004,0,2,200
2026-09-22T07:25:59Z,0.0,0.013815308741755466,0,2,200
2026-09-22T07:25:59Z,1.0,0.13030758998116496,0,2,200
2026-09-22T07:25:59Z,0.0,0.05905440892217939,0,2,200
2026-09-22T07:25:59Z,0.0,0.03031867553073592,0,2,200
2026-09-22T07:25:59Z,0.0,0.024104854545865532,0,2,200
2026-09-22T07:25:59Z,0.0,0.062489628021540004,0,2,200
2026-09-22T07:25:59Z,0.0,0.0471041521479518,0,2,200
2026-09-22T07:25:59Z,0.0,0.11470650823063164,0,2,200
2026-09-22T07:25:59Z,0.0,0.24618582819292523,0,2,200
2026-09-22T07:25:59Z,0.0,0.02811804644355089,0,2,200
2026-09-22T07:25:59Z,0.0,0.09449805643959844,0,2,200
2026-09-22T07:25:59Z,0.0,0.1497876318641434,0,2,200
2026-09-22T07:25:59Z,0.0,0.021157252100419247,0,2,200
2026-09-22T07:25:59Z,0.0,0.012913446985256406,0,2,200
2026-09-22T07:25:59Z,0.0,0.15769850160053053,0,2,200
2026-09-22T07:25:59Z,0.0,0.0591770916863344,0,2,200
2026-09-22T07:25:59Z,1.0,0.21584105949083765,0,2,200
2026-09-22T07:25:59Z,0.0,0.02818745780419464,0,2,200
2026-09-22T07:25:59Z,0.0,0.013418594541426054,0,2,200
2026-09-22T07:25:59Z,0.0,0.02774966006120997,0,2,200
2026-09-22T07:25:59Z,1.0,0.4690618080124053,0,2,200
2026-09-22T07:25:59Z,0.0,0.19606310145619296,0,4,200
2026-09-22T07:25:59Z,0.0,0.057687748234724466,0,4,200
2026-09-22T07:25:59Z,0.0,0.05351860459454612,0,4,200
2026-09-22T07:25:59Z,0.0,0.11879287149969571,0,4,200
2026-09-22T07:25:59Z,0.0,0.06356526759577937,0,4,200
2026-09-22T07:25:59Z,0.0,0.0655777160670333,0,4,200
2026-09-22T07:25:59Z,0.0,0.09334575032759845,0,4,200
2026-09-22T07:25:59Z,0.0,0.1113970205973513,0,4,200
2026-09-22T07:25:59Z,0.0,0.05351860459454612,0,4,200
2026-09-22T07:25:59Z,1.0,0.28541904850647926,0,4,200
2026-09-22T07:25:59Z,0.0,0.19241874901190387,0,4,200
2026-09-22T07:25:59Z,0.0,0.0655777160670333,0,4,200
2026-09-22T07:25:59Z,0.0,0.06508359913706888,0,4,200
2026-09-22T07:25:59Z,0.0,0.06771046819701151,0,4,200
2026-09-22T07:25:59Z,0.0,0.0586869020552533,0,4,200
2026-09-22T07:25:59Z,0.0,0.1113970205973513,0,4,200
2026-09-22T07:25:59Z,1.0,0.31126062206544675,0,4,200
2026-09-22T07:25:59Z,1.0,0.22147791753954857,0,4,200
2026-09-22T07:25:59Z,0.0,0.06091445549689052,0,4,200
2026-09-22T07:25:59Z,0.0,0.05351860459454612,0,4,200
2026-09-22T07:26:00Z,0.0,0.18143418169683087,0,2,200
2026-09-22T07:26:00Z,0.0,0.02539268057711532,0,2,200
2026-09-22T07:26:00Z,0.0,0.03801936711421822,0,2,200
2026-09-22T07:26:00Z,0.0,0.12296042611916869,0,2,200
2026-09-22T07:26:00Z,0.0,0.15646242721467288,0,2,200
2026-09-22T07:26:00Z,0.0,0.06777108370371293,0,2,200
2026-09-22T07:26:00Z,1.0,0.3245001340876545,0,2,200
2026-09-22T07:26:00Z,0.0,0.034539456004018136,0,2,200
2026-09-22T07:26:00Z,0.0,0.019359572693892168,0,2,200
2026-09-22T07:26:00Z,0.0,0.02752626006070878,0,2,200
2026-09-22T07:26:00Z,0.0,0.14867619263417914,0,2,200
2026-09-22T07:26:00Z,0.0,0.01874757630736797,0,2,200
2026-09-22T07:26:00Z,0.0,0.015021703930898554,0,2,200
2026-09-22T07:26:00Z,0.0,0.14611593425409922,0,2,200
2026-09-22T07:26:00Z,0.0,0.024104854545865532,0,2,200
2026-09-22T07:26:00Z,0.0,0.060911391508578834,0,2,200
2026-09-22T07:26:00Z,0.0,0.06902319836875624,0,2,200
2026-09-22T07:26:00Z,0.0,0.2149354545819743,0,2,200
2026-09-22T07:26:00Z,0.0,0.0851773350440506,0,2,200
2026-09-22T07:26:00Z,1.0,0.40955929649969497,0,2,200
2026-09-22T07:26:00Z,0.0,0.05039794829110694,0,2,200
2026-09-22T07:26:00Z,0.0,0.01595923438359361,0,2,200
2026-09-22T07:26:00Z,0.0,0.20759614542938823,0,2,200
2026-09-22T07:26:00Z,0.0,0.04905912577308111,0,2,200
2026-09-22T07:26:00Z,0.0,0.080562201129844,0,2,200
2026-09-22T07:26:00Z,1.0,0.3895816163644223,0,2,200
2026-09-22T07:26:00Z,0.0,0.09435135706154543,0,2,200
2026-09-22T07:26:00Z,0.0,0.04757051196402675,0,2,200
2026-09-22T07:26:00Z,0.0,0.028457594260782416,0,2,200
2026-09-22T07:26:00Z,0.0,0.025510864836627203,0,2,200
2026-09-22T07:26:00Z,0.0,0.018767502821361564,0,2,200
2026-09-22T07:26:00Z,1.0,0.2097352252734591,0,2,200
2026-09-22T07:26:00Z,0.0,0.030885617718754216,0,2,200
2026-09-22T07:26:00Z,0.0,0.012913446985256406,0,2,200
2026-09-22T07:26:00Z,0.0,0.07927396028952935,0,2,200
2026-09-22T07:26:00Z,0.0,0.013360595635445047,0,2,200
2026-09-22T07:26:00Z,0.0,0.07917617950879131,0,2,200
2026-09-22T07:26:00Z,0.0,0.03437229527666459,0,2,200
2026-09-22T07:26:00Z,0.0,0.24116690809849226,0,2,200
2026-09-22T07:26:00Z,0.0,0.013607317692568718,0,2,200
2026-09-22T07:26:00Z,0.0,0.12242758201607704,0,2,200
2026-09-22T07:26:00Z,0.0,0.33398281540753744,0,2,200
2026-09-22T07:26:00Z,0.0,0.11714297242693998,0,2,200
2026-09-22T07:26:00Z,0.0,0.19832209975281145,0,2,200
2026-09-22T07:26:00Z,0.0,0.10863229844559939,0,2,200
2026-09-22T07:26:00Z,0.0,0.1513633922802773,0,2,200
2026-09-22T07:26:00Z,0.0,0.4866626981467852,0,2,200
2026-09-22T07:26:00Z,0.0,0.05288383157846592,0,2,200
2026-09-22T07:26:00Z,0.0,0.37348642914168145,0,2,200
2026-09-22T07:26:00Z,1.0,0.07159645081975752,0,2,200
2026-09-22T07:26:00Z,1.0,0.1157756173241842,0,2,200
2026-09-22T07:26:00Z,0.0,0.017835491996469742,0,2,200
2026-09-22T07:26:00Z,0.0,0.019505352015406353,0,2,200
2026-09-22T07:26:00Z,1.0,0.1252470856053506,0,2,200
2026-09-22T07:26:00Z,0.0,0.1408803257078845,0,2,200
2026-09-22T07:26:00Z,0.0,0.0977811114572797,0,2,200
2026-09-22T07:26:00Z,0.0,0.14461160231424366,0,2,200
2026-09-22T07:26:00Z,0.0,0.013631676189273306,0,2,200
2026-09-22T07:26:00Z,0.0,0.1877435449209267,0,2,200
2026-09-22T07:26:00Z,0.0,0.01963972905066804,0,2,200
2026-09-22T07:26:01Z,1.0,0.016027998630867287,0,2,200
2026-09-22T07:26:01Z,0.0,0.04077214570485217,0,2,200
2026-09-22T07:26:01Z,0.0,0.02401344053036393,0,2,200
2026-09-22T07:26:01Z,0.0,0.15871748060379337,0,2,200
2026-09-22T07:26:01Z,1.0,0.6068577106943612,1,2,200
2026-09-22T07:26:01Z,0.0,0.17191132420967783,0,2,200
2026-09-22T07:26:01Z,0.0,0.19798130118009635,0,2,200
2026-09-22T07:26:01Z,0.0,0.043146486326564176,0,2,200
2026-09-22T07:26:01Z,0.0,0.044373928627354495,0,2,200
2026-09-22T07:26:01Z,1.0,0.40538496823399917,0,2,200
2026-09-22T07:26:01Z,0.0,0.024812295537688076,0,2,200
2026-09-22T07:26:01Z,0.0,0.05506611382340723,0,2,200
2026-09-22T07:26:01Z,0.0,0.025510864836627203,0,2,200
2026-09-22T07:26:01Z,0.0,0.1019217937920104,0,2,200
2026-09-22T07:26:01Z,0.0,0.06390047985495986,0,2,200
2026-09-22T07:26:01Z,0.0,0.03758314415967872,0,2,200
2026-09-22T07:26:01Z,0.0,0.14707482492175908,0,2,200
2026-09-22T07:26:01Z,1.0,0.504293354252992,1,2,200
2026-09-22T07:26:01Z,0.0,0.013498189107912418,0,2,200
2026-09-22T07:26:01Z,0.0,0.09952648763121288,0,2,200
2026-09-22T07:26:01Z,0.0,0.11458539992682146,0,2,200
2026-09-22T07:26:01Z,0.0,0.2675030851190174,0,2,200
2026-09-22T07:26:01Z,0.0,0.15981937097116544,0,2,200
2026-09-22T07:26:01Z,0.0,0.0540140748414853,0,2,200
2026-09-22T07:26:01Z,0.0,0.21111216187347204,0,2,200
2026-09-22T07:26:01Z,0.0,0.05603320904550575,0,2,200
2026-09-22T07:26:01Z,0.0,0.10313639102011982,0,2,200
2026-09-22T07:26:01Z,0.0,0.03783224984467742,0,2,200
2026-09-22T07:26:01Z,0.0,0.06320566424253596,0,2,200
2026-09-22T07:26:01Z,0.0,0.23227803807510447,0,2,200
2026-09-22T07:26:01Z,0.0,0.283072743775018,0,2,200
2026-09-22T07:26:01Z,0.0,0.01391606473478496,0,2,200
2026-09-22T07:26:01Z,0.0,0.04911077164287867,0,2,200
2026-09-22T07:26:01Z,1.0,0.15234542226738126,0,2,200
2026-09-22T07:26:01Z,0.0,0.013600070298617048,0,2,200
2026-09-22T07:26:01Z,0.0,0.055206097152790484,0,2,200
2026-09-22T07:26:01Z,1.0,0.3584345601611068,0,2,200
2026-09-22T07:26:01Z,0.0,0.1450525401768067,0,2,200
2026-09-22T07:26:01Z,0.0,0.022611008947691687,0,2,200
2026-09-22T07:26:01Z,0.0,0.09860126119856634,0,2,200
2026-09-22T07:26:02Z,0.0,0.03414543152596727,0,2,200
2026-09-22T07:26:02Z,0.0,0.06846610105079519,0,2,200
2026-09-22T07:26:02Z,0.0,0.02989225567017641,0,2,200
2026-09-22T07:26:02Z,0.0,0.057804537968235425,0,2,200
2026-09-22T07:26:02Z,0.0,0.25646863542044035,0,2,200
2026-09-22T07:26:02Z,0.0,0.028941411574560105,0,2,200
2026-09-22T07:26:02Z,0.0,0.5560861622398108,1,2,200
2026-09-22T07:26:02Z,0.0,0.012913446985256406,0,2,200
2026-09-22T07:26:02Z,0.0,0.17508204024590918,0,2,200
2026-09-22T07:26:02Z,1.0,0.26663352667380585,0,2,200
2026-09-22T07:26:02Z,0.0,0.10863229844559939,0,2,200
2026-09-22T07:26:02Z,0.0,0.25425390712555307,0,2,200
2026-09-22T07:26:02Z,0.0,0.08186968442270297,0,2,200
2026-09-22T07:26:02Z,0.0,0.08003924124396265,0,2,200
2026-09-22T07:26:02Z,1.0,0.2094904784422421,0,2,200
2026-09-22T07:26:02Z,0.0,0.014819733375160621,0,2,200
2026-09-22T07:26:02Z,0.0,0.019404284586265218,0,2,200
2026-09-22T07:26:02Z,0.0,0.0379417513380217,0,2,200
2026-09-22T07:26:02Z,0.0,0.022611008947691687,0,2,200
2026-09-22T07:26:02Z,0.0,0.0246287949080137,0,2,200
2026-09-22T07:26:02Z,0.0,0.290641819179596,0,2,200
2026-09-22T07:26:02Z,0.0,0.47910513028843893,0,2,200
2026-09-22T07:26:02Z,0.0,0.14401622750987997,0,2,200
2026-09-22T07:26:02Z,0.0,0.01742500414844293,0,2,200
2026-09-22T07:26:02Z,0.0,0.17980372198849234,0,2,200
2026-09-22T07:26:02Z,0.0,0.04911077164287867,0,2,200
2026-09-22T07:26:02Z,0.0,0.14611593425409922,0,2,200
2026-09-22T07:26:02Z,0.0,0.060729989421705516,0,2,200
2026-09-22T07:26:02Z,0.0,0.015624549478282547,0,2,200
2026-09-22T07:26:02Z,0.0,0.14276749497452693,0,2,200
2026-09-22T07:26:02Z,0.0,0.05096675702543583,0,2,200
2026-09-22T07:26:02Z,0.0,0.15677008427388642,0,2,200
2026-09-22T07:26:02Z,0.0,0.03255140751091589,0,2,200
2026-09-22T07:26:02Z,1.0,0.6068577106943612,1,2,200
2026-09-22T07:26:02Z,0.0,0.06617040229835741,0,2,200
2026-09-22T07:26:02Z,0.0,0.013607317692568718,0,2,200
2026-09-22T07:26:02Z,0.0,0.016907747054478207,0,2,200
2026-09-22T07:26:02Z,0.0,0.1127823091949789,0,2,200
2026-09-22T07:26:02Z,0.0,0.024312383717303602,0,2,200
2026-09-22T07:26:02Z,0.0,0.03013775632783687,0,2,200
2026-09-22T07:26:02Z,0.0,0.0586869020552533,0,4,200
2026-09-22T07:26:02Z,0.0,0.05351860459454612,0,4,200
2026-09-22T07:26:02Z,0.0,0.05351860459454612,0,4,200
2026-09-22T07:26:02Z,0.0,0.05351860459454612,0,4,200
2026-09-22T07:26:02Z,0.0,0.13818468545338777,0,4,200
2026-09-22T07:26:02Z,0.0,0.2071388855258744,0,4,200
2026-09-22T07:26:02Z,0.0,0.0655777160670333,0,4,200
2026-09-22T07:26:02Z,0.0,0.09334575032759845,0,4,200
2026-09-22T07:26:02Z,0.0,0.1113970205973513,0,4,200
2026-09-22T07:26:02Z,0.0,0.0655777160670333,0,4,200
2026-09-22T07:26:02Z,0.0,0.18823622872359871,0,4,200
2026-09-22T07:26:02Z,0.0,0.06091445549689052,0,4,200
2026-09-22T07:26:02Z,1.0,0.3126930162250326,0,4,200
2026-09-22T07:26:02Z,0.0,0.057687748234724466,0,4,200
2026-09-22T07:26:02Z,0.0,0.06091445549689052,0,4,200
2026-09-22T07:26:02Z,1.0,0.41414788537934316,0,4,200
2026-09-22T07:26:02Z,0.0,0.11303829582666111,0,4,200
2026-09-22T07:26:02Z,0.0,0.05351860459454612,0,4,200
2026-09-22T07:26:02Z,0.0,0.05351860459454612,0,4,200
2026-09-22T07:26:02Z,0.0,0.09334575032759845,0,4,200
2026-09-22T07:26:03Z,0.0,0.15177395887790268,0,2,200
2026-09-22T07:26:03Z,0.0,0.0190130115674329,0,2,200
2026-09-22T07:26:03Z,1.0,0.272672184649941,0,2,200
2026-09-22T07:26:03Z,0.0,0.2802032682076002,0,2,200
2026-09-22T07:26:03Z,0.0,0.01742500414844293,0,2,200
2026-09-22T07:26:03Z,0.0,0.013600070298617048,0,2,200
2026-09-22T07:26:03Z,0.0,0.1995017458136259,0,2,200
2026-09-22T07:26:03Z,0.0,0.0770332904891244,0,2,200
2026-09-22T07:26:03Z,1.0,0.21437943647651594,0,2,200
2026-09-22T07:26:03Z,0.0,0.383480039320814,0,2,200
2026-09-22T07:26:03Z,0.0,0.2150046284779944,0,2,200
2026-09-22T07:26:03Z,0.0,0.19832209975281145,0,2,200
2026-09-22T07:26:03Z,0.0,0.013427714296485644,0,2,200
2026-09-22T07:26:03Z,0.0,0.026261951506654047,0,2,200
2026-09-22T07:26:03Z,1.0,0.20435912454209706,0,2,200
2026-09-22T07:26:03Z,0.0,0.1062304330335809,0,2,200
2026-09-22T07:26:03Z,0.0,0.07899740483880098,0,2,200
2026-09-22T07:26:03Z,0.0,0.053914579527923244,0,2,200
2026-09-22T07:26:03Z,0.0,0.19145475425084868,0,2,200
2026-09-22T07:26:03Z,0.0,0.041088198181500495,0,2,200
2026-09-22T07:26:03Z,0.0,0.047093805926115555,0,2,200
2026-09-22T07:26:03Z,0.0,0.014102780791979885,0,2,200
2026-09-22T07:26:03Z,0.0,0.028603059897480243,0,2,200
2026-09-22T07:26:03Z,0.0,0.03764149016713732,0,2,200
2026-09-22T07:26:03Z,0.0,0.03488933633050857,0,2,200
2026-09-22T07:26:03Z,0.0,0.09466520956550799,0,2,200
2026-09-22T07:26:03Z,0.0,0.03704289015749818,0,2,200
2026-09-22T07:26:03Z,0.0,0.022058126541151094,0,2,200
2026-09-22T07:26:03Z,0.0,0.015665022993914826,0,2,200
2026-09-22T07:26:03Z,1.0,0.21584105949083765,0,2,200
2026-09-22T07:26:03Z,0.0,0.029081549870003002,0,2,200
2026-09-22T07:26:03Z,1.0,0.3230868488173445,0,2,200
2026-09-22T07:26:03Z,0.0,0.1917987428596361,0,2,200
2026-09-22T07:26:03Z,0.0,0.016981131974241514,0,2,200
2026-09-22T07:26:03Z,0.0,0.3123170896126825,0,2,200
2026-09-22T07:26:03Z,0.0,0.098808346640635,0,2,200
2026-09-22T07:26:03Z,0.0,0.1124902346395094,0,2,200
2026-09-22T07:26:03Z,0.0,0.041984200075256155,0,2,200
2026-09-22T07:26:03Z,0.0,0.01595923438359361,0,2,200
2026-09-22T07:26:03Z,0.0,0.15981937097116544,0,2,200
2026-09-22T07:26:03Z,0.0,0.36825622985559525,0,2,200
2026-09-22T07:26:03Z,1.0,0.46268649390098493,0,2,200
2026-09-22T07:26:03Z,0.0,0.0350193524982519,0,2,200
2026-09-22T07:26:03Z,1.0,0.48352308289238294,0,2,200
2026-09-22T07:26:03Z,0.0,0.027680015784580417,0,2,200
2026-09-22T07:26:03Z,1.0,0.2355415416256513,0,2,200
2026-09-22T07:26:03Z,0.0,0.2953446542193474,0,2,200
2026-09-22T07:26:03Z,0.0,0.02462772379555307,0,2,200
2026-09-22T07:26:03Z,0.0,0.22207713492122214,0,2,200
2026-09-22T07:26:03Z,0.0,0.14694906244093542,0,2,200
2026-09-22T07:26:03Z,0.0,0.02646440997454258,0,2,200
2026-09-22T07:26:03Z,0.0,0.11296951781435104,0,2,200
2026-09-22T07:26:03Z,0.0,0.10938394199786546,0,2,200
2026-09-22T07:26:03Z,0.0,0.060729989421705516,0,2,200
2026-09-22T07:26:03Z,0.0,0.02818745780419464,0,2,200
2026-09-22T07:26:03Z,0.0,0.36130079537611953,0,2,200
2026-09-22T07:26:03Z,0.0,0.10771696016985978,0,2,200
2026-09-22T07:26:03Z,0.0,0.2051264284459886,0,2,200
2026-09-22T07:26:03Z,0.0,0.018976612030057308,0,2,200
2026-09-22T07:26:03Z,0.0,0.026018666792528476,0,2,200
2026-09-22T07:26:04Z,0.0,0.11105815500606742,0,2,200
2026-09-22T07:26:04Z,0.0,0.04644580560464882,0,2,200
2026-09-22T07:26:04Z,0.0,0.4612497239044018,0,2,200
2026-09-22T07:26:04Z,0.0,0.012956851212043428,0,2,200
2026-09-22T07:26:04Z,0.0,0.03414543152596727,0,2,200
2026-09-22T07:26:04Z,0.0,0.013734997023162119,0,2,200
2026-09-22T07:26:04Z,0.0,0.14461160231424366,0,2,200
2026-09-22T07:26:04Z,1.0,0.2315449762824311,0,2,200
2026-09-22T07:26:04Z,1.0,0.3808324269586633,0,2,200
2026-09-22T07:26:04Z,0.0,0.1408803257078845,0,2,200
2026-09-22T07:26:04Z,1.0,0.2090899831526037,0,2,200
2026-09-22T07:26:04Z,0.0,0.36508649385507286,0,2,200
2026-09-22T07:26:04Z,0.0,0.10771696016985978,0,2,200
2026-09-22T07:26:04Z,1.0,0.14992249353323264,0,2,200
2026-09-22T07:26:04Z,0.0,0.09965881233110636,0,2,200
2026-09-22T07:26:04Z,1.0,0.31615360162819334,0,2,200
2026-09-22T07:26:04Z,0.0,0.060657263599214854,0,2,200
2026-09-22T07:26:04Z,0.0,0.03339167204270777,0,2,200
2026-09-22T07:26:04Z,0.0,0.04913567178559476,0,2,200
2026-09-22T07:26:04Z,0.0,0.03334831381403612,0,2,200
2026-09-22T07:26:04Z,0.0,0.09925675673585455,0,2,200
2026-09-22T07:26:04Z,0.0,0.13856597124631356,0,2,200
2026-09-22T07:26:04Z,0.0,0.11961691717139158,0,2,200
2026-09-22T07:26:04Z,0.0,0.04164010003329972,0,2,200
2026-09-22T07:26:04Z,0.0,0.04572240205602541,0,2,200
2026-09-22T07:26:04Z,0.0,0.021157252100419247,0,2,200
2026-09-22T07:26:04Z,0.0,0.24831820293627732,0,2,200
2026-09-22T07:26:04Z,0.0,0.02819253598990295,0,2,200
2026-09-22T07:26:04Z,0.0,0.5952993899604879,1,2,200
2026-09-22T07:26:04Z,0.0,0.2802032682076002,0,2,200
2026-09-22T07:26:04Z,0.0,0.11933643530446528,0,2,200
2026-09-22T07:26:04Z,0.0,0.025724843668758834,0,2,200
2026-09-22T07:26:04Z,0.0,0.039861812123258004,0,2,200
2026-09-22T07:26:04Z,0.0,0.01400776785247455,0,2,200
2026-09-22T07:26:04Z,0.0,0.026525476779815486,0,2,200
2026-09-22T07:26:04Z,0.0,0.1543351269387664,0,2,200
2026-09-22T07:26:04Z,0.0,0.15871748060379337,0,2,200
2026-09-22T07:26:04Z,0.0,0.1172259656183337,0,2,200
2026-09-22T07:26:04Z,0.0,0.014402439641855615,0,2,200
2026-09-22T07:26:04Z,0.0,0.04400362123871762,0,2,200
2026-09-22T07:26:04Z,0.0,0.04297531258076811,0,2,200
2026-09-22T07:26:04Z,0.0,0.014122448091251823,0,2,200
2026-09-22T07:26:04Z,1.0,0.05363957530452068,0,2,200
2026-09-22T07:26:04Z,1.0,0.19221364384742126,0,2,200
2026-09-22T07:26:04Z,0.0,0.02825310599460059,0,2,200
2026-09-22T07:26:04Z,0.0,0.013418594541426054,0,2,200
2026-09-22T07:26:04Z,0.0,0.0339536160508302,0,2,200
2026-09-22T07:26:04Z,0.0,0.02970036775093792,0,2,200
2026-09-22T07:26:04Z,0.0,0.33398281540753744,0,2,200
2026-09-22T07:26:04Z,0.0,0.04368406583696207,0,2,200
2026-09-22T07:26:04Z,0.0,0.24116690809849226,0,2,200
2026-09-22T07:26:04Z,1.0,0.48192186000843334,0,2,200
2026-09-22T07:26:04Z,0.0,0.021197507289196192,0,2,200
2026-09-22T07:26:04Z,0.0,0.013968629634888687,0,2,200
2026-09-22T07:26:04Z,1.0,0.15900966151459311,0,2,200
2026-09-22T07:26:04Z,0.0,0.013600070298617048,0,2,200
2026-09-22T07:26:04Z,0.0,0.2106893482928767,0,2,200
2026-09-22T07:26:04Z,1.0,0.31615360162819334,0,2,200
2026-09-22T07:26:04Z,0.0,0.018872827041554293,0,2,200
2026-09-22T07:26:04Z,0.0,0.08198296384620607,0,2,200
2026-09-22T07:26:05Z,0.0,0.028326324021713433,0,2,200
2026-09-22T07:26:05Z,1.0,0.22833963625708228,0,2,200
2026-09-22T07:26:05Z,0.0,0.01449740430190194,0,2,200
2026-09-22T07:26:05Z,0.0,0.16834510024571522,0,2,200
2026-09-22T07:26:05Z,0.0,0.0322793451286513,0,2,200
2026-09-22T07:26:05Z,1.0,0.14230930006721615,0,2,200
2026-09-22T07:26:05Z,0.0,0.014273868585395859,0,2,200
2026-09-22T07:26:05Z,0.0,0.25646863542044035,0,2,200
2026-09-22T07:26:05Z,0.0,0.034969326106256166,0,2,200
2026-09-22T07:26:05Z,0.0,0.026261951506654047,0,2,200
2026-09-22T07:26:05Z,0.0,0.0471041521479518,0,2,200
2026-09-22T07:26:05Z,0.0,0.019615834999757043,0,2,200
2026-09-22T07:26:05Z,0.0,0.06846610105079519,0,2,200
2026-09-22T07:26:05Z,0.0,0.03319454911557678,0,2,200
2026-09-22T07:26:05Z,0.0,0.014095662685989822,0,2,200
2026-09-22T07:26:05Z,0.0,0.03977565128876771,0,2,200
2026-09-22T07:26:05Z,0.0,0.015397389988285428,0,2,200
2026-09-22T07:26:05Z,0.0,0.04164010003329972,0,2,200
2026-09-22T07:26:05Z,0.0,0.02591353356456297,0,2,200
2026-09-22T07:26:05Z,0.0,0.2430185895044239,0,2,200
2026-09-22T07:26:05Z,0.0,0.043849374607059816,0,2,200
2026-09-22T07:26:05Z,1.0,0.48192186000843334,0,2,200
2026-09-22T07:26:05Z,0.0,0.012953651773274849,0,2,200
2026-09-22T07:26:05Z,0.0,0.014386750651367368,0,2,200
2026-09-22T07:26:05Z,0.0,0.4421605418692316,0,2,200
2026-09-22T07:26:05Z,0.0,0.03230609634033482,0,2,200
2026-09-22T07:26:05Z,0.0,0.05011480631930152,0,2,200
2026-09-22T07:26:05Z,0.0,0.10109234168903047,0,2,200
2026-09-22T07:26:05Z,0.0,0.03177522623668247,0,2,200
2026-09-22T07:26:05Z,0.0,0.24116690809849226,0,2,200
2026-09-22T07:26:05Z,0.0,0.027596589805206805,0,2,200
2026-09-22T07:26:05Z,0.0,0.022647589981160107,0,2,200
2026-09-22T07:26:05Z,0.0,0.15177395887790268,0,2,200
2026-09-22T07:26:05Z,0.0,0.04434714278771394,0,2,200
2026-09-22T07:26:05Z,0.0,0.014328575876997233,0,2,200
2026-09-22T07:26:05Z,0.0,0.019705208508517338,0,2,200
2026-09-22T07:26:05Z,0.0,0.03384290562769868,0,2,200
2026-09-22T07:26:05Z,0.0,0.2264760656156496,0,2,200
2026-09-22T07:26:05Z,0.0,0.12573616611534696,0,2,200
2026-09-22T07:26:05Z,0.0,0.025998103497128607,0,2,200
2026-09-22T07:26:05Z,0.0,0.4689332197234631,0,2,200
2026-09-22T07:26:05Z,0.0,0.16519177757384565,0,2,200
2026-09-22T07:26:05Z,0.0,0.0350193524982519,0,2,200
2026-09-22T07:26:05Z,0.0,0.3324287522591521,0,2,200
2026-09-22T07:26:05Z,0.0,0.026028106816973384,0,2,200
2026-09-22T07:26:05Z,0.0,0.2615469132545658,0,2,200
2026-09-22T07:26:05Z,0.0,0.3073608852463179,0,2,200
2026-09-22T07:26:05Z,0.0,0.014102780791979885,0,2,200
2026-09-22T07:26:05Z,0.0,0.30552596876313504,0,2,200
2026-09-22T07:26:05Z,0.0,0.04368406583696207,0,2,200
2026-09-22T07:26:05Z,0.0,0.0385608772125948,0,2,200
2026-09-22T07:26:05Z,1.0,0.5074634283713659,1,2,200
2026-09-22T07:26:05Z,0.0,0.2005365982902856,0,2,200
2026-09-22T07:26:05Z,0.0,0.04316454099667731,0,2,200
2026-09-22T07:26:05Z,1.0,0.2810126913730246,0,2,200
2026-09-22T07:26:05Z,0.0,0.028068518768853745,0,2,200
2026-09-22T07:26:05Z,0.0,0.41198893263332836,0,2,200
2026-09-22T07:26:05Z,0.0,0.24831820293627732,0,2,200
2026-09-22T07:26:05Z,0.0,0.0851773350440506,0,2,200
2026-09-22T07:26:05Z,0.0,0.0287859480559948,0,2,200
2026-09-22T07:26:06Z,0.0,0.01798780812461145,0,2,200
2026-09-22T07:26:06Z,0.0,0.18280862015816915,0,2,200
2026-09-22T07:26:06Z,0.0,0.12269834744164095,0,2,200
2026-09-22T07:26:06Z,0.0,0.08186968442270297,0,2,200
2026-09-22T07:26:06Z,0.0,0.05194938566338955,0,2,200
2026-09-22T07:26:06Z,0.0,0.0310622415573198,0,2,200
2026-09-22T07:26:06Z,0.0,0.018146728031120152,0,2,200
2026-09-22T07:26:06Z,0.0,0.03342492945726822,0,2,200
2026-09-22T07:26:06Z,0.0,0.016415788674198285,0,2,200
2026-09-22T07:26:06Z,0.0,0.2219124076279426,0,2,200
2026-09-22T07:26:06Z,0.0,0.014158096572314129,0,2,200
2026-09-22T07:26:06Z,0.0,0.16449886069874367,0,2,200
2026-09-22T07:26:06Z,0.0,0.20858180487789718,0,2,200
2026-09-22T07:26:06Z,0.0,0.0379417513380217,0,2,200
2026-09-22T07:26:06Z,0.0,0.3652762615174061,0,2,200
2026-09-22T07:26:06Z,0.0,0.20144161693037962,0,2,200
2026-09-22T07:26:06Z,0.0,0.01915251162165331,0,2,200
2026-09-22T07:26:06Z,0.0,0.02607975813664271,0,2,200
2026-09-22T07:26:06Z,0.0,0.013228421129309774,0,2,200
2026-09-22T07:26:06Z,0.0,0.022811620973013272,0,2,200
2026-09-22T07:26:06Z,0.0,0.05351860459454612,0,4,200
2026-09-22T07:26:06Z,0.0,0.11889542183951936,0,4,200
2026-09-22T07:26:06Z,0.0,0.1113970205973513,0,4,200
2026-09-22T07:26:06Z,1.0,0.22147791753954857,0,4,200
2026-09-22T07:26:06Z,0.0,0.18823622872359871,0,4,200
2026-09-22T07:26:06Z,0.0,0.0655777160670333,0,4,200
2026-09-22T07:26:06Z,0.0,0.057687748234724466,0,4,200
2026-09-22T07:26:06Z,0.0,0.0655777160670333,0,4,200
2026-09-22T07:26:06Z,0.0,0.0655777160670333,0,4,200
2026-09-22T07:26:06Z,0.0,0.11303829582666111,0,4,200
2026-09-22T07:26:06Z,0.0,0.05351860459454612,0,4,200
2026-09-22T07:26:06Z,0.0,0.06771046819701151,0,4,200
2026-09-22T07:26:06Z,0.0,0.05351860459454612,0,4,200
2026-09-22T07:26:06Z,0.0,0.05351860459454612,0,4,200
2026-09-22T07:26:06Z,0.0,0.1113970205973513,0,4,200
2026-09-22T07:26:06Z,0.0,0.0714043229263453,0,4,200
2026-09-22T07:26:06Z,1.0,0.09334575032759845,0,4,200
2026-09-22T07:26:06Z,0.0,0.05351860459454612,0,4,200
2026-09-22T07:26:06Z,0.0,0.08676279595007612,0,4,200
2026-09-22T07:26:06Z,0.0,0.05351860459454612,0,4,200
2026-09-22T07:26:08Z,0.0,0.027462043272130057,0,2,200
2026-09-22T07:26:08Z,0.0,0.3401377941244159,0,2,200
2026-09-22T07:26:08Z,0.0,0.06183943572947879,0,2,200
2026-09-22T07:26:08Z,0.0,0.0770332904891244,0,2,200
2026-09-22T07:26:08Z,0.0,0.04347250194191018,0,2,200
2026-09-22T07:26:08Z,0.0,0.08411838995475117,0,2,200
2026-09-22T07:26:08Z,0.0,0.02825310599460059,0,2,200
2026-09-22T07:26:08Z,0.0,0.03876683829139775,0,2,200
2026-09-22T07:26:08Z,0.0,0.0501476691252126,0,2,200
2026-09-22T07:26:08Z,0.0,0.016347253237683573,0,2,200
2026-09-22T07:26:08Z,0.0,0.15887490713507524,0,2,200
2026-09-22T07:26:08Z,0.0,0.030962294009552103,0,2,200
2026-09-22T07:26:08Z,0.0,0.4771618254463016,0,2,200
2026-09-22T07:26:08Z,0.0,0.023624913265383806,0,2,200
2026-09-22T07:26:08Z,0.0,0.013648066132453729,0,2,200
2026-09-22T07:26:08Z,1.0,0.480948807765207,0,2,200
2026-09-22T07:26:08Z,0.0,0.4612497239044018,0,2,200
2026-09-22T07:26:08Z,0.0,0.021536087290375292,0,2,200
2026-09-22T07:26:08Z,0.0,0.02687424837188278,0,2,200
2026-09-22T07:26:08Z,0.0,0.24618582819292523,0,2,200
2026-09-22T07:26:08Z,0.0,0.01391606473478496,0,2,200
2026-09-22T07:26:08Z,0.0,0.1745891347521585,0,2,200
2026-09-22T07:26:08Z,0.0,0.028486509070347343,0,2,200
2026-09-22T07:26:08Z,0.0,0.0325798693747934,0,2,200
2026-09-22T07:26:08Z,0.0,0.013228421129309774,0,2,200
2026-09-22T07:26:08Z,0.0,0.1393979835844535,0,2,200
2026-09-22T07:26:08Z,0.0,0.08312651257001859,0,2,200
2026-09-22T07:26:08Z,0.0,0.12573616611534696,0,2,200
2026-09-22T07:26:08Z,0.0,0.015290415824479098,0,2,200
2026-09-22T07:26:08Z,0.0,0.05521174133284523,0,2,200
2026-09-22T07:26:08Z,0.0,0.021252864209526937,0,2,200
2026-09-22T07:26:08Z,1.0,0.5427312911629124,1,2,200
2026-09-22T07:26:08Z,0.0,0.0770332904891244,0,2,200
2026-09-22T07:26:08Z,0.0,0.11132985820775493,0,2,200
2026-09-22T07:26:08Z,0.0,0.013466650801570638,0,2,200
2026-09-22T07:26:08Z,1.0,0.3808324269586633,0,2,200
2026-09-22T07:26:08Z,1.0,0.27716724775563945,0,2,200
2026-09-22T07:26:08Z,1.0,0.47682582988139993,0,2,200
2026-09-22T07:26:08Z,0.0,0.01817210914439063,0,2,200
2026-09-22T07:26:08Z,0.0,0.20345430215322224,0,2,200
2026-09-22T07:26:08Z,0.0,0.10812011000429411,0,2,200
2026-09-22T07:26:08Z,0.0,0.016347253237683573,0,2,200
2026-09-22T07:26:08Z,0.0,0.013244382669117085,0,2,200
2026-09-22T07:26:08Z,0.0,0.01400776785247455,0,2,200
2026-09-22T07:26:08Z,0.0,0.09141780766772124,0,2,200
2026-09-22T07:26:08Z,0.0,0.05298944339925895,0,2,200
2026-09-22T07:26:08Z,0.0,0.16901245694412914,0,2,200
2026-09-22T07:26:08Z,0.0,0.12552521266977137,0,2,200
2026-09-22T07:26:08Z,0.0,0.02259593784055115,0,2,200
2026-09-22T07:26:08Z,0.0,0.3971710362397421,0,2,200
2026-09-22T07:26:08Z,0.0,0.013846838650652553,0,2,200
2026-09-22T07:26:08Z,0.0,0.15598620371907398,0,2,200
2026-09-22T07:26:08Z,0.0,0.060657263599214854,0,2,200
2026-09-22T07:26:08Z,0.0,0.07369974083547282,0,2,200
2026-09-22T07:26:08Z,0.0,0.022122362383164066,0,2,200
2026-09-22T07:26:08Z,0.0,0.3088545593883525,0,2,200
2026-09-22T07:26:08Z,0.0,0.04317822755737906,0,2,200
2026-09-22T07:26:08Z,0.0,0.015561985741745445,0,2,200
2026-09-22T07:26:08Z,0.0,0.11015632953665425,0,2,200
2026-09-22T07:26:08Z,0.0,0.03313739590002072,0,2,200
2026-09-22T07:26:09Z,0.0,0.017602223540813478,0,2,200
2026-09-22T07:26:09Z,0.0,0.014402439641855615,0,2,200
2026-09-22T07:26:09Z,0.0,0.36508649385507286,0,2,200
2026-09-22T07:26:09Z,0.0,0.01595923438359361,0,2,200
2026-09-22T07:26:09Z,0.0,0.015010655932174715,0,2,200
2026-09-22T07:26:09Z,0.0,0.04368406583696207,0,2,200
2026-09-22T07:26:09Z,0.0,0.26898992433252306,0,2,200
2026-09-22T07:26:09Z,0.0,0.5276319520554054,1,2,200
2026-09-22T07:26:09Z,0.0,0.02854475823274643,0,2,200
2026-09-22T07:26:09Z,1.0,0.5433359733203943,1,2,200
2026-09-22T07:26:09Z,0.0,0.13940612133864472,0,2,200
2026-09-22T07:26:09Z,0.0,0.13503697024490352,0,2,200
2026-09-22T07:26:09Z,0.0,0.1662960398142156,0,2,200
2026-09-22T07:26:09Z,0.0,0.02162428603257135,0,2,200
2026-09-22T07:26:09Z,0.0,0.1671383585180241,0,2,200
2026-09-22T07:26:09Z,0.0,0.03925022463487812,0,2,200
2026-09-22T07:26:09Z,0.0,0.14278463926368964,0,2,200
2026-09-22T07:26:09Z,0.0,0.037811714707974224,0,2,200
2026-09-22T07:26:09Z,0.0,0.033043257954905064,0,2,200
2026-09-22T07:26:09Z,1.0,0.18957208324036462,0,2,200
2026-09-22T07:26:09Z,0.0,0.02539268057711532,0,2,200
2026-09-22T07:26:09Z,1.0,0.5035344014591687,1,2,200
2026-09-22T07:26:09Z,0.0,0.23227803807510447,0,2,200
2026-09-22T07:26:09Z,0.0,0.032726063228193526,0,2,200
2026-09-22T07:26:09Z,0.0,0.0350193524982519,0,2,200
2026-09-22T07:26:09Z,1.0,0.3911915744087691,0,2,200
2026-09-22T07:26:09Z,0.0,0.07927396028952935,0,2,200
2026-09-22T07:26:09Z,0.0,0.17191132420967783,0,2,200
2026-09-22T07:26:09Z,0.0,0.2587332633023351,0,2,200
2026-09-22T07:26:09Z,0.0,0.06095440099878398,0,2,200
2026-09-22T07:26:09Z,0.0,0.17980372198849234,0,2,200
2026-09-22T07:26:09Z,0.0,0.019334686443193198,0,2,200
2026-09-22T07:26:09Z,0.0,0.027983100089052894,0,2,200
2026-09-22T07:26:09Z,0.0,0.03156814604778222,0,2,200
2026-09-22T07:26:09Z,1.0,0.3895816163644223,0,2,200
2026-09-22T07:26:09Z,0.0,0.08707992350276211,0,2,200
2026-09-22T07:26:09Z,0.0,0.03249182356896238,0,2,200
2026-09-22T07:26:09Z,0.0,0.16901245694412914,0,2,200
2026-09-22T07:26:09Z,0.0,0.046155321028665125,0,2,200
2026-09-22T07:26:09Z,0.0,0.2993202712034832,0,2,200
2026-09-22T07:26:09Z,0.0,0.014045158726328505,0,2,200
2026-09-22T07:26:09Z,0.0,0.02607975813664271,0,2,200
2026-09-22T07:26:09Z,0.0,0.17980372198849234,0,2,200
2026-09-22T07:26:09Z,0.0,0.0246287949080137,0,2,200
2026-09-22T07:26:09Z,1.0,0.20435912454209706,0,2,200
2026-09-22T07:26:09Z,0.0,0.0310622415573198,0,2,200
2026-09-22T07:26:09Z,0.0,0.03242137694032696,0,2,200
2026-09-22T07:26:09Z,0.0,0.36508649385507286,0,2,200
2026-09-22T07:26:09Z,0.0,0.028941411574560105,0,2,200
2026-09-22T07:26:09Z,1.0,0.023707107991803943,0,2,200
2026-09-22T07:26:09Z,1.0,0.07159645081975752,0,2,200
2026-09-22T07:26:09Z,0.0,0.03404048458069872,0,2,200
2026-09-22T07:26:09Z,0.0,0.056746027875538424,0,2,200
2026-09-22T07:26:09Z,0.0,0.04482991291892764,0,2,200
2026-09-22T07:26:09Z,0.0,0.02539268057711532,0,2,200
2026-09-22T07:26:09Z,0.0,0.13273734570231316,0,2,200
2026-09-22T07:26:09Z,0.0,0.039760535748701066,0,2,200
2026-09-22T07:26:09Z,0.0,0.013734997023162119,0,2,200
2026-09-22T07:26:09Z,1.0,0.44965240134092044,0,2,200
2026-09-22T07:26:09Z,0.0,0.013712349641730771,0,2,200
2026-09-22T07:26:10Z,0.0,0.11936568488507796,0,2,200
2026-09-22T07:26:10Z,0.0,0.04607220576731992,0,2,200
2026-09-22T07:26:10Z,0.0,0.22571026336840774,0,2,200
2026-09-22T07:26:10Z,1.0,0.2187049242114281,0,2,200
2026-09-22T07:26:10Z,1.0,0.480948807765207,0,2,200
2026-09-22T07:26:10Z,0.0,0.23272528330912412,0,2,200
2026-09-22T07:26:10Z,0.0,0.0665926488263328,0,2,200
2026-09-22T07:26:10Z,0.0,0.027680015784580417,0,2,200
2026-09-22T07:26:10Z,0.0,0.18905351336558493,0,2,200
2026-09-22T07:26:10Z,0.0,0.020445939352814677,0,2,200
2026-09-22T07:26:10Z,0.0,0.013706292471514501,0,2,200
2026-09-22T07:26:10Z,0.0,0.013648066132453729,0,2,200
2026-09-22T07:26:10Z,0.0,0.4244292306950832,0,2,200
2026-09-22T07:26:10Z,0.0,0.11432885389659113,0,2,200
2026-09-22T07:26:10Z,0.0,0.016269599273470013,0,2,200
2026-09-22T07:26:10Z,1.0,0.2090899831526037,0,2,200
2026-09-22T07:26:10Z,0.0,0.042849337839941624,0,2,200
2026-09-22T07:26:10Z,0.0,0.017222700825594947,0,2,200
2026-09-22T07:26:10Z,0.0,0.03339167204270777,0,2,200
2026-09-22T07:26:10Z,0.0,0.04524251259412286,0,2,200
2026-09-22T07:26:10Z,0.0,0.1995017458136259,0,2,200
2026-09-22T07:26:10Z,0.0,0.07791684947377685,0,2,200
2026-09-22T07:26:10Z,0.0,0.0350193524982519,0,2,200
2026-09-22T07:26:10Z,0.0,0.1437808131353527,0,2,200
2026-09-22T07:26:10Z,0.0,0.16172334773969557,0,2,200
2026-09-22T07:26:10Z,1.0,0.5557349968022712,1,2,200
2026-09-22T07:26:10Z,0.0,0.41198893263332836,0,2,200
2026-09-22T07:26:10Z,0.0,0.02645537700892401,0,2,200
2026-09-22T07:26:10Z,0.0,0.11456943906353612,0,2,200
2026-09-22T07:26:10Z,1.0,0.48192186000843334,0,2,200
2026-09-22T07:26:10Z,0.0,0.09983430676474642,0,2,200
2026-09-22T07:26:10Z,0.0,0.07146887875381001,0,2,200
2026-09-22T07:26:10Z,0.0,0.03395267269527047,0,2,200
2026-09-22T07:26:10Z,0.0,0.12535491707453825,0,2,200
2026-09-22T07:26:10Z,1.0,0.5472751969395583,1,2,200
2026-09-22T07:26:10Z,0.0,0.5059479695457558,1,2,200
2026-09-22T07:26:10Z,0.0,0.07591091543183337,0,2,200
2026-09-22T07:26:10Z,0.0,0.049896048059215416,0,2,200
2026-09-22T07:26:10Z,0.0,0.013968629634888687,0,2,200
2026-09-22T07:26:10Z,0.0,0.1877435449209267,0,2,200
2026-09-22T07:26:11Z,0.0,0.1113970205973513,0,4,200
2026-09-22T07:26:11Z,0.0,0.05351860459454612,0,4,200
2026-09-22T07:26:11Z,0.0,0.41414788537934316,0,4,200
2026-09-22T07:26:11Z,0.0,0.19241874901190387,0,4,200
2026-09-22T07:26:11Z,0.0,0.31126062206544675,0,4,200
2026-09-22T07:26:11Z,0.0,0.18823622872359871,0,4,200
2026-09-22T07:26:11Z,1.0,0.1113970205973513,0,4,200
2026-09-22T07:26:11Z,0.0,0.05995981709550093,0,4,200
2026-09-22T07:26:11Z,0.0,0.08676279595007612,0,4,200
2026-09-22T07:26:11Z,0.0,0.1113970205973513,0,4,200
2026-09-22T07:26:11Z,0.0,0.1165653180580585,0,4,200
2026-09-22T07:26:11Z,0.0,0.0655777160670333,0,4,200
2026-09-22T07:26:11Z,0.0,0.1113970205973513,0,4,200
2026-09-22T07:26:11Z,0.0,0.08676279595007612,0,4,200
2026-09-22T07:26:11Z,0.0,0.09092943705067433,0,4,200
2026-09-22T07:26:11Z,0.0,0.057687748234724466,0,4,200
2026-09-22T07:26:11Z,0.0,0.11889542183951936,0,4,200
2026-09-22T07:26:11Z,0.0,0.07074601352774049,0,4,200
2026-09-22T07:26:11Z,0.0,0.05351860459454612,0,4,200
2026-09-22T07:26:11Z,0.0,0.1113970205973513,0,4,200
2026-09-22T07:26:11Z,0.0,0.4421605418692316,0,2,200
2026-09-22T07:26:11Z,0.0,0.10771696016985978,0,2,200
2026-09-22T07:26:11Z,0.0,0.017882016372727134,0,2,200
2026-09-22T07:26:11Z,0.0,0.45979264204795,0,2,200
2026-09-22T07:26:11Z,0.0,0.033266239539541796,0,2,200
2026-09-22T07:26:11Z,0.0,0.035697646457929604,0,2,200
2026-09-22T07:26:11Z,0.0,0.11619138368107229,0,2,200
2026-09-22T07:26:11Z,0.0,0.12903118883488257,0,2,200
2026-09-22T07:26:11Z,0.0,0.04874380560278548,0,2,200
2026-09-22T07:26:11Z,0.0,0.06778670320667055,0,2,200
2026-09-22T07:26:11Z,0.0,0.07146887875381001,0,2,200
2026-09-22T07:26:11Z,1.0,0.18957208324036462,0,2,200
2026-09-22T07:26:11Z,0.0,0.02622424077461752,0,2,200
2026-09-22T07:26:11Z,0.0,0.07899740483880098,0,2,200
2026-09-22T07:26:11Z,0.0,0.1568733239326246,0,2,200
2026-09-22T07:26:11Z,0.0,0.03450335753794753,0,2,200
2026-09-22T07:26:11Z,0.0,0.023696455524772037,0,2,200
2026-09-22T07:26:11Z,0.0,0.21736095093337898,0,2,200
2026-09-22T07:26:11Z,0.0,0.26898992433252306,0,2,200
2026-09-22T07:26:11Z,1.0,0.48352308289238294,0,2,200
2026-09-22T07:26:11Z,0.0,0.03390015703716135,0,2,200
2026-09-22T07:26:11Z,0.0,0.2567629311148988,0,2,200
2026-09-22T07:26:11Z,0.0,0.022256974746043646,0,2,200
2026-09-22T07:26:11Z,0.0,0.026160522934236537,0,2,200
2026-09-22T07:26:11Z,0.0,0.09449805643959844,0,2,200
2026-09-22T07:26:11Z,0.0,0.08396556929823192,0,2,200
2026-09-22T07:26:11Z,0.0,0.015665022993914826,0,2,200
2026-09-22T07:26:11Z,0.0,0.012953651773274849,0,2,200
2026-09-22T07:26:11Z,1.0,0.480948807765207,0,2,200
2026-09-22T07:26:11Z,1.0,0.2145957130855326,0,2,200
2026-09-22T07:26:11Z,0.0,0.029518268489482483,0,2,200
2026-09-22T07:26:11Z,0.0,0.0199768721865122,0,2,200
2026-09-22T07:26:11Z,1.0,0.15900966151459311,0,2,200
2026-09-22T07:26:11Z,0.0,0.4689332197234631,0,2,200
2026-09-22T07:26:11Z,0.0,0.11922608271793553,0,2,200
2026-09-22T07:26:11Z,0.0,0.02548149572832437,0,2,200
2026-09-22T07:26:11Z,0.0,0.0325798693747934,0,2,200
2026-09-22T07:26:11Z,0.0,0.05592847409302006,0,2,200
2026-09-22T07:26:11Z,0.0,0.25425390712555307,0,2,200
2026-09-22T07:26:11Z,1.0,0.2094904784422421,0,2,200
2026-09-22T07:26:12Z,0.0,0.024979736012401124,0,2,200
2026-09-22T07:26:12Z,0.0,0.017800630897784938,0,2,200
2026-09-22T07:26:12Z,0.0,0.10857866616578656,0,2,200
2026-09-22T07:26:12Z,0.0,0.21047837088302054,0,2,200
2026-09-22T07:26:12Z,0.0,0.013131841803720155,0,2,200
2026-09-22T07:26:12Z,0.0,0.40425820097251147,0,2,200
2026-09-22T07:26:12Z,0.0,0.2051264284459886,0,2,200
2026-09-22T07:26:12Z,0.0,0.015010655932174715,0,2,200
2026-09-22T07:26:12Z,0.0,0.08198296384620607,0,2,200
2026-09-22T07:26:12Z,0.0,0.01976554684298958,0,2,200
2026-09-22T07:26:12Z,1.0,0.12147202616147006,0,2,200
2026-09-22T07:26:12Z,0.0,0.1306868681556205,0,2,200
2026-09-22T07:26:12Z,0.0,0.17067333736329487,0,2,200
2026-09-22T07:26:12Z,0.0,0.2077850803820075,0,2,200
2026-09-22T07:26:12Z,0.0,0.015446410222280929,0,2,200
2026-09-22T07:26:12Z,0.0,0.2587332633023351,0,2,200
2026-09-22T07:26:12Z,0.0,0.03666198631925623,0,2,200
2026-09-22T07:26:12Z,0.0,0.03395267269527047,0,2,200
2026-09-22T07:26:12Z,0.0,0.0722776662456775,0,2,200
2026-09-22T07:26:12Z,0.0,0.02462772379555307,0,2,200
2026-09-22T07:26:12Z,0.0,0.07108772376228145,0,2,200
2026-09-22T07:26:12Z,0.0,0.04281128007856566,0,2,200
2026-09-22T07:26:12Z,0.0,0.1012222502735698,0,2,200
2026-09-22T07:26:12Z,0.0,0.0474208755018315,0,2,200
2026-09-22T07:26:12Z,0.0,0.2123299747463802,0,2,200
2026-09-22T07:26:12Z,0.0,0.03255140751091589,0,2,200
2026-09-22T07:26:12Z,0.0,0.02096428850375081,0,2,200
2026-09-22T07:26:12Z,0.0,0.019615834999757043,0,2,200
2026-09-22T07:26:12Z,1.0,0.3808324269586633,0,2,200
2026-09-22T07:26:12Z,1.0,0.4375050116710546,0,2,200
2026-09-22T07:26:12Z,0.0,0.013228421129309774,0,2,200
2026-09-22T07:26:12Z,0.0,0.2993202712034832,0,2,200
2026-09-22T07:26:12Z,0.0,0.03450335753794753,0,2,200
2026-09-22T07:26:12Z,0.0,0.019705208508517338,0,2,200
2026-09-22T07:26:12Z,0.0,0.02989225567017641,0,2,200
2026-09-22T07:26:12Z,0.0,0.02687424837188278,0,2,200
2026-09-22T07:26:12Z,0.0,0.034539456004018136,0,2,200
2026-09-22T07:26:12Z,0.0,0.01366963590234793,0,2,200
2026-09-22T07:26:12Z,0.0,0.0591770916863344,0,2,200
2026-09-22T07:26:12Z,0.0,0.026693507756745997,0,2,200
2026-09-22T07:26:12Z,0.0,0.11686432636259064,0,2,200
2026-09-22T07:26:12Z,0.0,0.11936568488507796,0,2,200
2026-09-22T07:26:12Z,0.0,0.013244382669117085,0,2,200
2026-09-22T07:26:12Z,1.0,0.027173022233678613,0,2,200
2026-09-22T07:26:12Z,0.0,0.13181479186536665,0,2,200
2026-09-22T07:26:12Z,0.0,0.10594532207356337,0,2,200
2026-09-22T07:26:12Z,0.0,0.336345843850329,0,2,200
2026-09-22T07:26:12Z,0.0,0.048729194318046065,0,2,200
2026-09-22T07:26:12Z,1.0,0.40857466893545163,0,2,200
2026-09-22T07:26:12Z,1.0,0.2810126913730246,0,2,200
2026-09-22T07:26:12Z,0.0,0.013631676189273306,0,2,200
2026-09-22T07:26:12Z,0.0,0.1019217937920104,0,2,200
2026-09-22T07:26:12Z,0.0,0.02357184587713,0,2,200
2026-09-22T07:26:12Z,0.0,0.024567501027145323,0,2,200
2026-09-22T07:26:12Z,0.0,0.03339167204270777,0,2,200
2026-09-22T07:26:12Z,0.0,0.04112688518491809,0,2,200
2026-09-22T07:26:12Z,0.0,0.18278910114843552,0,2,200
2026-09-22T07:26:12Z,0.0,0.25757554121001763,0,2,200
2026-09-22T07:26:12Z,0.0,0.06013450113146435,0,2,200
2026-09-22T07:26:12Z,0.0,0.028941411574560105,0,2,200
2026-09-22T07:26:13Z,0.0,0.09965881233110636,0,2,200
2026-09-22T07:26:13Z,0.0,0.16300570614648888,0,2,200
2026-09-22T07:26:13Z,0.0,0.013648066132453729,0,2,200
2026-09-22T07:26:13Z,0.0,0.09941063772458397,0,2,200
2026-09-22T07:26:13Z,0.0,0.3938094718443528,0,2,200
2026-09-22T07:26:13Z,0.0,0.04524251259412286,0,2,200
2026-09-22T07:26:13Z,0.0,0.03063354565555946,0,2,200
2026-09-22T07:26:13Z,0.0,0.04974131009679041,0,2,200
2026-09-22T07:26:13Z,0.0,0.033043257954905064,0,2,200
2026-09-22T07:26:13Z,0.0,0.02394355732581156,0,2,200
2026-09-22T07:26:13Z,0.0,0.07801991600219832,0,2,200
2026-09-22T07:26:13Z,0.0,0.15646242721467288,0,2,200
2026-09-22T07:26:13Z,0.0,0.07878018177723121,0,2,200
2026-09-22T07:26:13Z,0.0,0.02752626006070878,0,2,200
2026-09-22T07:26:13Z,0.0,0.33231302837103655,0,2,200
2026-09-22T07:26:13Z,0.0,0.13513293182917452,0,2,200
2026-09-22T07:26:13Z,0.0,0.3578147699349229,0,2,200
2026-09-22T07:26:13Z,0.0,0.20147637960559112,0,2,200
2026-09-22T07:26:13Z,0.0,0.13878658666702232,0,2,200
2026-09-22T07:26:13Z,0.0,0.5560861622398108,1,2,200
2026-09-22T07:26:13Z,0.0,0.046654635958918486,0,2,200
2026-09-22T07:26:13Z,0.0,0.03925022463487812,0,2,200
2026-09-22T07:26:13Z,0.0,0.05134986912720074,0,2,200
2026-09-22T07:26:13Z,0.0,0.017474837391996914,0,2,200
2026-09-22T07:26:13Z,0.0,0.015072762038674237,0,2,200
2026-09-22T07:26:13Z,0.0,0.03981334576705297,0,2,200
2026-09-22T07:26:13Z,0.0,0.16834510024571522,0,2,200
2026-09-22T07:26:13Z,0.0,0.05465738912230985,0,2,200
2026-09-22T07:26:13Z,0.0,0.25646863542044035,0,2,200
2026-09-22T07:26:13Z,0.0,0.01742500414844293,0,2,200
2026-09-22T07:26:13Z,0.0,0.18245372644922125,0,2,200
2026-09-22T07:26:13Z,0.0,0.013140653295968321,0,2,200
2026-09-22T07:26:13Z,0.0,0.023305185683996442,0,2,200
2026-09-22T07:26:13Z,0.0,0.13181479186536665,0,2,200
2026-09-22T07:26:13Z,0.0,0.16958811306138294,0,2,200
2026-09-22T07:26:13Z,0.0,0.24831820293627732,0,2,200
2026-09-22T07:26:13Z,1.0,0.3060911866312386,0,2,200
2026-09-22T07:26:13Z,0.0,0.080562201129844,0,2,200
2026-09-22T07:26:13Z,0.0,0.02591353356456297,0,2,200
2026-09-22T07:26:13Z,0.0,0.03489930938944169,0,2,200
2026-09-22T07:26:13Z,0.0,0.024809254543829696,0,2,200
2026-09-22T07:26:13Z,1.0,0.2339835552494386,0,2,200
2026-09-22T07:26:13Z,0.0,0.04349947690877275,0,2,200
2026-09-22T07:26:13Z,0.0,0.0293253066685719,0,2,200
2026-09-22T07:26:13Z,0.0,0.08478129618765635,0,2,200
2026-09-22T07:26:13Z,0.0,0.027942001643570354,0,2,200
2026-09-22T07:26:13Z,0.0,0.02376732320627071,0,2,200
2026-09-22T07:26:13Z,0.0,0.1204458739926026,0,2,200
2026-09-22T07:26:13Z,0.0,0.03222046266050035,0,2,200
2026-09-22T07:26:13Z,0.0,0.027462043272130057,0,2,200
2026-09-22T07:26:13Z,0.0,0.16834510024571522,0,2,200
2026-09-22T07:26:13Z,0.0,0.03666198631925623,0,2,200
2026-09-22T07:26:13Z,0.0,0.3971710362397421,0,2,200
2026-09-22T07:26:13Z,0.0,0.09866005173122717,0,2,200
2026-09-22T07:26:13Z,0.0,0.039760535748701066,0,2,200
2026-09-22T07:26:13Z,0.0,0.11576674644017328,0,2,200
2026-09-22T07:26:13Z,0.0,0.04283513302078933,0,2,200
2026-09-22T07:26:13Z,0.0,0.026933842301271924,0,2,200
2026-09-22T07:26:13Z,0.0,0.056567964439879166,0,2,200
2026-09-22T07:26:13Z,0.0,0.1527704514766903,0,2,200
2026-09-22T07:26:14Z,0.0,0.030835071596552834,0,2,200
2026-09-22T07:26:14Z,1.0,0.3983443054522311,0,2,200
2026-09-22T07:26:14Z,0.0,0.022709752511387436,0,2,200
2026-09-22T07:26:14Z,0.0,0.08003924124396265,0,2,200
2026-09-22T07:26:14Z,0.0,0.22871169503820316,0,2,200
2026-09-22T07:26:14Z,0.0,0.017181745186428916,0,2,200
2026-09-22T07:26:14Z,0.0,0.013204127480340142,0,2,200
2026-09-22T07:26:14Z,1.0,0.31615360162819334,0,2,200
2026-09-22T07:26:14Z,0.0,0.01706246730096831,0,2,200
2026-09-22T07:26:14Z,0.0,0.023624913265383806,0,2,200
2026-09-22T07:26:14Z,0.0,0.013631676189273306,0,2,200
2026-09-22T07:26:14Z,0.0,0.05465738912230985,0,2,200
2026-09-22T07:26:14Z,1.0,0.2409091474343233,0,2,200
2026-09-22T07:26:14Z,0.0,0.13849358374142398,0,2,200
2026-09-22T07:26:14Z,1.0,0.4322951407242312,0,2,200
2026-09-22T07:26:14Z,0.0,0.029641282607477015,0,2,200
2026-09-22T07:26:14Z,0.0,0.04589897175993205,0,2,200
2026-09-22T07:26:14Z,0.0,0.2471037512855943,0,2,200
2026-09-22T07:26:14Z,0.0,0.019505352015406353,0,2,200
2026-09-22T07:26:14Z,1.0,0.49625036558905306,0,2,200
2026-09-22T07:26:14Z,1.0,0.5187577897953176,1,2,200
2026-09-22T07:26:14Z,0.0,0.1629736271341951,0,2,200
2026-09-22T07:26:14Z,0.0,0.30267091820114195,0,2,200
2026-09-22T07:26:14Z,0.0,0.09141780766772124,0,2,200
2026-09-22T07:26:14Z,1.0,0.4368334892992561,0,2,200
2026-09-22T07:26:14Z,0.0,0.11470650823063164,0,2,200
2026-09-22T07:26:14Z,0.0,0.47947759281770813,0,2,200
2026-09-22T07:26:14Z,0.0,0.11672686071030039,0,2,200
2026-09-22T07:26:14Z,0.0,0.09866005173122717,0,2,200
2026-09-22T07:26:14Z,1.0,0.5074634283713659,1,2,200
2026-09-22T07:26:14Z,0.0,0.4244292306950832,0,2,200
2026-09-22T07:26:14Z,0.0,0.0379417513380217,0,2,200
2026-09-22T07:26:14Z,0.0,0.08810407943468178,0,2,200
2026-09-22T07:26:14Z,0.0,0.013498189107912418,0,2,200
2026-09-22T07:26:14Z,0.0,0.021172381694799652,0,2,200
2026-09-22T07:26:14Z,0.0,0.019814305258879828,0,2,200
2026-09-22T07:26:14Z,1.0,0.04210983436497814,0,2,200
2026-09-22T07:26:14Z,0.0,0.1305597246263993,0,2,200
2026-09-22T07:26:14Z,0.0,0.23272528330912412,0,2,200
2026-09-22T07:26:14Z,0.0,0.01595923438359361,0,2,200
2026-09-22T07:26:15Z,0.0,0.03255140751091589,0,2,200
2026-09-22T07:26:15Z,0.0,0.07342379383162162,0,2,200
2026-09-22T07:26:15Z,1.0,0.46268649390098493,0,2,200
2026-09-22T07:26:15Z,0.0,0.015665022993914826,0,2,200
2026-09-22T07:26:15Z,0.0,0.18905351336558493,0,2,200
2026-09-22T07:26:15Z,0.0,0.013799743416164061,0,2,200
2026-09-22T07:26:15Z,1.0,0.3672082434941724,0,2,200
2026-09-22T07:26:15Z,0.0,0.055206097152790484,0,2,200
2026-09-22T07:26:15Z,0.0,0.21516111228338136,0,2,200
2026-09-22T07:26:15Z,1.0,0.1381089393218812,0,2,200
2026-09-22T07:26:15Z,0.0,0.08478129618765635,0,2,200
2026-09-22T07:26:15Z,0.0,0.10854084182443778,0,2,200
2026-09-22T07:26:15Z,0.0,0.11619138368107229,0,2,200
2026-09-22T07:26:15Z,0.0,0.014792211355207191,0,2,200
2026-09-22T07:26:15Z,0.0,0.026160522934236537,0,2,200
2026-09-22T07:26:15Z,1.0,0.18798908505320455,0,2,200
2026-09-22T07:26:15Z,0.0,0.06549378149365684,0,2,200
2026-09-22T07:26:15Z,0.0,0.09860126119856634,0,2,200
2026-09-22T07:26:15Z,0.0,0.46236470935676066,0,2,200
2026-09-22T07:26:15Z,0.0,0.22571026336840774,0,2,200
2026-09-22T07:26:15Z,1.0,0.480948807765207,0,2,200
2026-09-22T07:26:15Z,0.0,0.04974131009679041,0,2,200
2026-09-22T07:26:15Z,0.0,0.012956851212043428,0,2,200
2026-09-22T07:26:15Z,0.0,0.1450525401768067,0,2,200
2026-09-22T07:26:15Z,0.0,0.043849374607059816,0,2,200
2026-09-22T07:26:15Z,0.0,0.08707992350276211,0,2,200
2026-09-22T07:26:15Z,0.0,0.07342379383162162,0,2,200
2026-09-22T07:26:15Z,0.0,0.19342383376977249,0,2,200
2026-09-22T07:26:15Z,0.0,0.1961561997299608,0,2,200
2026-09-22T07:26:15Z,0.0,0.05194938566338955,0,2,200
2026-09-22T07:26:15Z,0.0,0.02571060268189562,0,2,200
2026-09-22T07:26:15Z,0.0,0.07729240874668458,0,2,200
2026-09-22T07:26:15Z,0.0,0.021197507289196192,0,2,200
2026-09-22T07:26:15Z,1.0,0.19322298102549154,0,2,200
2026-09-22T07:26:15Z,0.0,0.0326025924663432,0,2,200
2026-09-22T07:26:15Z,0.0,0.0272163128321758,0,2,200
2026-09-22T07:26:15Z,0.0,0.17508204024590918,0,2,200
2026-09-22T07:26:15Z,0.0,0.018146728031120152,0,2,200
2026-09-22T07:26:15Z,0.0,0.013416476796858177,0,2,200
2026-09-22T07:26:15Z,0.0,0.02378892851920219,0,2,200
2026-09-22T07:26:15Z,0.0,0.02539268057711532,0,2,200
2026-09-22T07:26:15Z,0.0,0.012873023476613881,0,2,200
2026-09-22T07:26:15Z,0.0,0.19021309756095206,0,2,200
2026-09-22T07:26:15Z,0.0,0.1527704514766903,0,2,200
2026-09-22T07:26:15Z,1.0,0.3895816163644223,0,2,200
2026-09-22T07:26:15Z,0.0,0.1513633922802773,0,2,200
2026-09-22T07:26:15Z,0.0,0.16519177757384565,0,2,200
2026-09-22T07:26:15Z,0.0,0.0135176220621785,0,2,200
2026-09-22T07:26:15Z,1.0,0.5557349968022712,1,2,200
2026-09-22T07:26:15Z,0.0,0.06477986674529031,0,2,200
2026-09-22T07:26:15Z,0.0,0.2123299747463802,0,2,200
2026-09-22T07:26:15Z,1.0,0.2145957130855326,0,2,200
2026-09-22T07:26:15Z,0.0,0.06378918936433536,0,2,200
2026-09-22T07:26:15Z,0.0,0.046155321028665125,0,2,200
2026-09-22T07:26:15Z,0.0,0.04583268480923608,0,2,200
2026-09-22T07:26:15Z,0.0,0.18245372644922125,0,2,200
2026-09-22T07:26:15Z,0.0,0.019380273806840737,0,2,200
2026-09-22T07:26:15Z,0.0,0.03230609634033482,0,2,200
2026-09-22T07:26:15Z,0.0,0.4098440503883387,0,2,200
2026-09-22T07:26:15Z,1.0,0.43013881004484567,0,2,200
2026-09-22T07:26:16Z,0.0,0.11132985820775493,0,2,200
2026-09-22T07:26:16Z,1.0,0.2409091474343233,0,2,200
2026-09-22T07:26:16Z,0.0,0.0773188067191381,0,2,200
2026-09-22T07:26:16Z,0.0,0.02458439799062456,0,2,200
2026-09-22T07:26:16Z,0.0,0.013554007023519912,0,2,200
2026-09-22T07:26:16Z,0.0,0.1437808131353527,0,2,200
2026-09-22T07:26:16Z,1.0,0.5674305075844172,1,2,200
2026-09-22T07:26:16Z,0.0,0.013968629634888687,0,2,200
2026-09-22T07:26:16Z,0.0,0.060000643268603236,0,2,200
2026-09-22T07:26:16Z,0.0,0.054538452695495475,0,2,200
2026-09-22T07:26:16Z,1.0,0.424007790713177,0,2,200
2026-09-22T07:26:16Z,0.0,0.290641819179596,0,2,200
2026-09-22T07:26:16Z,0.0,0.03977565128876771,0,2,200
2026-09-22T07:26:16Z,0.0,0.1235501787543636,0,2,200
2026-09-22T07:26:16Z,0.0,0.013418594541426054,0,2,200
2026-09-22T07:26:16Z,0.0,0.012970892682819462,0,2,200
2026-09-22T07:26:16Z,0.0,0.05298944339925895,0,2,200
2026-09-22T07:26:16Z,0.0,0.017149665388777012,0,2,200
2026-09-22T07:26:16Z,0.0,0.049152551299891226,0,2,200
2026-09-22T07:26:16Z,0.0,0.05134986912720074,0,2,200
2026-09-22T07:26:16Z,0.0,0.0838973135333166,0,2,200
2026-09-22T07:26:16Z,1.0,0.2339835552494386,0,2,200
2026-09-22T07:26:16Z,0.0,0.2606420271650677,0,2,200
2026-09-22T07:26:16Z,1.0,0.18748847068337962,0,2,200
2026-09-22T07:26:16Z,0.0,0.24116690809849226,0,2,200
2026-09-22T07:26:16Z,0.0,0.19914406285456684,0,2,200
2026-09-22T07:26:16Z,0.0,0.2219124076279426,0,2,200
2026-09-22T07:26:16Z,0.0,0.03317936196594368,0,2,200
2026-09-22T07:26:16Z,0.0,0.5016241863379214,1,2,200
2026-09-22T07:26:16Z,0.0,0.13513293182917452,0,2,200
2026-09-22T07:26:16Z,0.0,0.026092332718913886,0,2,200
2026-09-22T07:26:16Z,0.0,0.013140653295968321,0,2,200
2026-09-22T07:26:16Z,0.0,0.02970036775093792,0,2,200
2026-09-22T07:26:16Z,1.0,0.027173022233678613,0,2,200
2026-09-22T07:26:16Z,0.0,0.09435135706154543,0,2,200
2026-09-22T07:26:16Z,0.0,0.036303197768910306,0,2,200
2026-09-22T07:26:16Z,0.0,0.01391606473478496,0,2,200
2026-09-22T07:26:16Z,0.0,0.06549378149365684,0,2,200
2026-09-22T07:26:16Z,1.0,0.183700722598323,0,2,200
2026-09-22T07:26:16Z,0.0,0.049152551299891226,0,2,200
2026-09-22T07:26:16Z,0.0,0.024829270760253142,0,2,200
2026-09-22T07:26:16Z,0.0,0.015430161327376526,0,2,200
2026-09-22T07:26:16Z,1.0,0.3245001340876545,0,2,200
2026-09-22T07:26:16Z,0.0,0.08280422443329545,0,2,200
2026-09-22T07:26:16Z,0.0,0.2147985756985581,0,2,200
2026-09-22T07:26:16Z,0.0,0.4098440503883387,0,2,200
2026-09-22T07:26:16Z,0.0,0.060911391508578834,0,2,200
2026-09-22T07:26:16Z,0.0,0.048948659091868976,0,2,200
2026-09-22T07:26:16Z,0.0,0.13403879988068038,0,2,200
2026-09-22T07:26:16Z,0.0,0.012873023476613881,0,2,200
2026-09-22T07:26:16Z,0.0,0.0157906719991639,0,2,200
2026-09-22T07:26:16Z,0.0,0.2803189951218338,0,2,200
2026-09-22T07:26:16Z,0.0,0.1680522704279322,0,2,200
2026-09-22T07:26:16Z,0.0,0.24775052593551167,0,2,200
2026-09-22T07:26:16Z,0.0,0.11211364627556242,0,2,200
2026-09-22T07:26:16Z,0.0,0.060000643268603236,0,2,200
2026-09-22T07:26:16Z,0.0,0.016597719407470058,0,2,200
2026-09-22T07:26:16Z,1.0,0.40600349641447053,0,2,200
2026-09-22T07:26:16Z,1.0,0.19221364384742126,0,2,200
2026-09-22T07:26:16Z,0.0,0.04265749807972332,0,2,200
2026-09-22T07:26:17Z,0.0,0.05915732670459528,0,2,200
2026-09-22T07:26:17Z,0.0,0.04874380560278548,0,2,200
2026-09-22T07:26:17Z,0.0,0.030522391483040385,0,2,200
2026-09-22T07:26:17Z,0.0,0.06328581141071632,0,2,200
2026-09-22T07:26:17Z,0.0,0.21111216187347204,0,2,200
2026-09-22T07:26:17Z,0.0,0.01742500414844293,0,2,200
2026-09-22T07:26:17Z,0.0,0.012956851212043428,0,2,200
2026-09-22T07:26:17Z,0.0,0.013712349641730771,0,2,200
2026-09-22T07:26:17Z,0.0,0.03135858865116979,0,2,200
2026-09-22T07:26:17Z,0.0,0.1402152577078732,0,2,200
2026-09-22T07:26:17Z,0.0,0.02300257953195094,0,2,200
2026-09-22T07:26:17Z,0.0,0.07927396028952935,0,2,200
2026-09-22T07:26:17Z,1.0,0.40538496823399917,0,2,200
2026-09-22T07:26:17Z,0.0,0.028187106186982246,0,2,200
2026-09-22T07:26:17Z,0.0,0.1629736271341951,0,2,200
2026-09-22T07:26:17Z,1.0,0.21204355636588257,0,2,200
2026-09-22T07:26:17Z,0.0,0.28141242758364216,0,2,200
2026-09-22T07:26:17Z,0.0,0.11922608271793553,0,2,200
2026-09-22T07:26:17Z,0.0,0.14401622750987997,0,2,200
2026-09-22T07:26:17Z,1.0,0.3672082434941724,0,2,200
2026-09-22T07:26:17Z,0.0,0.035349799541078114,0,2,200
2026-09-22T07:26:17Z,0.0,0.15846653491619564,0,2,200
2026-09-22T07:26:17Z,0.0,0.1306868681556205,0,2,200
2026-09-22T07:26:17Z,1.0,0.15234542226738126,0,2,200
2026-09-22T07:26:17Z,0.0,0.05029768791693622,0,2,200
2026-09-22T07:26:17Z,0.0,0.2131996238445236,0,2,200
2026-09-22T07:26:17Z,0.0,0.06846610105079519,0,2,200
2026-09-22T07:26:17Z,1.0,0.424007790713177,0,2,200
2026-09-22T07:26:17Z,0.0,0.014071985587035946,0,2,200
2026-09-22T07:26:17Z,0.0,0.03342492945726822,0,2,200
2026-09-22T07:26:17Z,0.0,0.03177522623668247,0,2,200
2026-09-22T07:26:17Z,0.0,0.15785708662659442,0,2,200
2026-09-22T07:26:17Z,0.0,0.03666198631925623,0,2,200
2026-09-22T07:26:17Z,0.0,0.044767826948517005,0,2,200
2026-09-22T07:26:17Z,0.0,0.013427714296485644,0,2,200
2026-09-22T07:26:17Z,1.0,0.31615360162819334,0,2,200
2026-09-22T07:26:17Z,0.0,0.29868232342194656,0,2,200
2026-09-22T07:26:17Z,0.0,0.07791684947377685,0,2,200
2026-09-22T07:26:17Z,0.0,0.022709752511387436,0,2,200
2026-09-22T07:26:17Z,0.0,0.0158924308089558,0,2,200
2026-09-22T07:26:17Z,0.0,0.1605036954151923,0,2,200
2026-09-22T07:26:17Z,0.0,0.06328581141071632,0,2,200
2026-09-22T07:26:17Z,0.0,0.0287859480559948,0,2,200
2026-09-22T07:26:17Z,0.0,0.03981334576705297,0,2,200
2026-09-22T07:26:17Z,1.0,0.2702368951282424,0,2,200
2026-09-22T07:26:17Z,0.0,0.21111216187347204,0,2,200
2026-09-22T07:26:17Z,0.0,0.34643699298296887,0,2,200
2026-09-22T07:26:17Z,0.0,0.20085299046007804,0,2,200
2026-09-22T07:26:17Z,0.0,0.2131996238445236,0,2,200
2026-09-22T07:26:17Z,0.0,0.12523637817087724,0,2,200
2026-09-22T07:26:17Z,0.0,0.02854475823274643,0,2,200
2026-09-22T07:26:17Z,0.0,0.04281128007856566,0,2,200
2026-09-22T07:26:17Z,1.0,0.15234542226738126,0,2,200
2026-09-22T07:26:17Z,0.0,0.02539268057711532,0,2,200
2026-09-22T07:26:17Z,0.0,0.02259593784055115,0,2,200
2026-09-22T07:26:17Z,0.0,0.013244382669117085,0,2,200
2026-09-22T07:26:17Z,1.0,0.1690662403671161,0,2,200
2026-09-22T07:26:17Z,0.0,0.024312383717303602,0,2,200
2026-09-22T07:26:17Z,0.0,0.05389839750700621,0,2,200
2026-09-22T07:26:17Z,0.0,0.10863229844559939,0,2,200
2026-09-22T07:26:18Z,0.0,0.1402152577078732,0,2,200
2026-09-22T07:26:18Z,0.0,0.11470650823063164,0,2,200
2026-09-22T07:26:18Z,0.0,0.06223142288320842,0,2,200
2026-09-22T07:26:18Z,0.0,0.026525476779815486,0,2,200
2026-09-22T07:26:18Z,0.0,0.2005365982902856,0,2,200
2026-09-22T07:26:18Z,0.0,0.02820502584204194,0,2,200
2026-09-22T07:26:18Z,0.0,0.04316454099667731,0,2,200
2026-09-22T07:26:18Z,0.0,0.11852048862192677,0,2,200
2026-09-22T07:26:18Z,0.0,0.2123299747463802,0,2,200
2026-09-22T07:26:18Z,0.0,0.016170365291175617,0,2,200
2026-09-22T07:26:18Z,0.0,0.14694906244093542,0,2,200
2026-09-22T07:26:18Z,0.0,0.09965881233110636,0,2,200
2026-09-22T07:26:18Z,1.0,0.1807449072796173,0,2,200
2026-09-22T07:26:18Z,0.0,0.15603274027315497,0,2,200
2026-09-22T07:26:18Z,0.0,0.080562201129844,0,2,200
2026-09-22T07:26:18Z,0.0,0.05170177608752649,0,2,200
2026-09-22T07:26:18Z,1.0,0.3797448888165515,0,2,200
2026-09-22T07:26:18Z,0.0,0.019359572693892168,0,2,200
2026-09-22T07:26:18Z,0.0,0.11922608271793553,0,2,200
2026-09-22T07:26:18Z,0.0,0.046974028671088026,0,2,200
2026-09-22T07:26:18Z,0.0,0.02591353356456297,0,2,200
2026-09-22T07:26:18Z,0.0,0.016907747054478207,0,2,200
2026-09-22T07:26:18Z,0.0,0.10771696016985978,0,2,200
2026-09-22T07:26:18Z,0.0,0.03342492945726822,0,2,200
2026-09-22T07:26:18Z,0.0,0.044086270744395,0,2,200
2026-09-22T07:26:18Z,0.0,0.23227803807510447,0,2,200
2026-09-22T07:26:18Z,0.0,0.09382608056109161,0,2,200
2026-09-22T07:26:18Z,0.0,0.017936036441222002,0,2,200
2026-09-22T07:26:18Z,0.0,0.05389839750700621,0,2,200
2026-09-22T07:26:18Z,1.0,0.1252470856053506,0,2,200
2026-09-22T07:26:18Z,0.0,0.23272528330912412,0,2,200
2026-09-22T07:26:18Z,0.0,0.03764149016713732,0,2,200
2026-09-22T07:26:18Z,0.0,0.16172334773969557,0,2,200
2026-09-22T07:26:18Z,0.0,0.023241204702357944,0,2,200
2026-09-22T07:26:18Z,0.0,0.04004534724650574,0,2,200
2026-09-22T07:26:18Z,0.0,0.0199768721865122,0,2,200
2026-09-22T07:26:18Z,1.0,0.046427232064050805,0,2,200
2026-09-22T07:26:18Z,0.0,0.2567629311148988,0,2,200
2026-09-22T07:26:18Z,0.0,0.013036273465992948,0,2,200
2026-09-22T07:26:18Z,0.0,0.022256974746043646,0,2,200
2026-09-22T07:26:19Z,0.0,0.01595923438359361,0,2,200
2026-09-22T07:26:19Z,0.0,0.03489930938944169,0,2,200
2026-09-22T07:26:19Z,1.0,0.2590221511435594,0,2,200
2026-09-22T07:26:19Z,0.0,0.014638164451458095,0,2,200
2026-09-22T07:26:19Z,0.0,0.026028106816973384,0,2,200
2026-09-22T07:26:19Z,0.0,0.01360459755932467,0,2,200
2026-09-22T07:26:19Z,0.0,0.027462043272130057,0,2,200
2026-09-22T07:26:19Z,0.0,0.016269599273470013,0,2,200
2026-09-22T07:26:19Z,0.0,0.1408803257078845,0,2,200
2026-09-22T07:26:19Z,1.0,0.25824012186722156,0,2,200
2026-09-22T07:26:19Z,0.0,0.04524251259412286,0,2,200
2026-09-22T07:26:19Z,0.0,0.012970892682819462,0,2,200
2026-09-22T07:26:19Z,0.0,0.31975408725998566,0,2,200
2026-09-22T07:26:19Z,0.0,0.12401387800452106,0,2,200
2026-09-22T07:26:19Z,0.0,0.4421605418692316,0,2,200
2026-09-22T07:26:19Z,0.0,0.022172417981631973,0,2,200
2026-09-22T07:26:19Z,0.0,0.22207713492122214,0,2,200
2026-09-22T07:26:19Z,0.0,0.07342379383162162,0,2,200
2026-09-22T07:26:19Z,0.0,0.029518268489482483,0,2,200
2026-09-22T07:26:19Z,0.0,0.12552521266977137,0,2,200
2026-09-22T07:26:19Z,0.0,0.1516354835210442,0,2,200
2026-09-22T07:26:19Z,0.0,0.02424586987089915,0,2,200
2026-09-22T07:26:19Z,0.0,0.13664125259418808,0,2,200
2026-09-22T07:26:19Z,0.0,0.013846838650652553,0,2,200
2026-09-22T07:26:19Z,0.0,0.04628582672410262,0,2,200
2026-09-22T07:26:19Z,0.0,0.04572240205602541,0,2,200
2026-09-22T07:26:19Z,0.0,0.06183076537941293,0,2,200
2026-09-22T07:26:19Z,1.0,0.1690662403671161,0,2,200
2026-09-22T07:26:19Z,0.0,0.36130079537611953,0,2,200
2026-09-22T07:26:19Z,0.0,0.060340451199267314,0,2,200
2026-09-22T07:26:19Z,0.0,0.02726837427131079,0,2,200
2026-09-22T07:26:19Z,0.0,0.014638164451458095,0,2,200
2026-09-22T07:26:19Z,0.0,0.05288383157846592,0,2,200
2026-09-22T07:26:19Z,0.0,0.015141721693567171,0,2,200
2026-09-22T07:26:19Z,0.0,0.1305597246263993,0,2,200
2026-09-22T07:26:19Z,0.0,0.04112688518491809,0,2,200
2026-09-22T07:26:19Z,0.0,0.021421134748371536,0,2,200
2026-09-22T07:26:19Z,0.0,0.040253677885772936,0,2,200
2026-09-22T07:26:19Z,0.0,0.1861327664586289,0,2,200
2026-09-22T07:26:19Z,0.0,0.15177395887790268,0,2,200
2026-09-22T07:26:19Z,1.0,0.11971008085621719,0,2,200
2026-09-22T07:26:19Z,0.0,0.06328581141071632,0,2,200
2026-09-22T07:26:19Z,1.0,0.5187577897953176,1,2,200
2026-09-22T07:26:19Z,1.0,0.5867469186643952,1,2,200
2026-09-22T07:26:19Z,0.0,0.032008676628497865,0,2,200
2026-09-22T07:26:19Z,0.0,0.34611544658966836,0,2,200
2026-09-22T07:26:19Z,0.0,0.14707482492175908,0,2,200
2026-09-22T07:26:19Z,0.0,0.3123170896126825,0,2,200
2026-09-22T07:26:19Z,0.0,0.03879620328325031,0,2,200
2026-09-22T07:26:19Z,0.0,0.06642231821755278,0,2,200
2026-09-22T07:26:19Z,0.0,0.07146887875381001,0,2,200
2026-09-22T07:26:19Z,0.0,0.2855755471301898,0,2,200
2026-09-22T07:26:19Z,0.0,0.053753776206560716,0,2,200
2026-09-22T07:26:19Z,0.0,0.04112688518491809,0,2,200
2026-09-22T07:26:19Z,0.0,0.061401112785378985,0,2,200
2026-09-22T07:26:19Z,0.0,0.01867000091846589,0,2,200
2026-09-22T07:26:19Z,0.0,0.0977811114572797,0,2,200
2026-09-22T07:26:19Z,0.0,0.04440888166460403,0,2,200
2026-09-22T07:26:19Z,0.0,0.4689332197234631,0,2,200
2026-09-22T07:26:19Z,0.0,0.13004982682435987,0,2,200
2026-09-22T07:26:20Z,0.0,0.22871169503820316,0,2,200
2026-09-22T07:26:20Z,0.0,0.0379417513380217,0,2,200
2026-09-22T07:26:20Z,0.0,0.03242137694032696,0,2,200
2026-09-22T07:26:20Z,0.0,0.060340451199267314,0,2,200
2026-09-22T07:26:20Z,0.0,0.030927540872802216,0,2,200
2026-09-22T07:26:20Z,0.0,0.08810407943468178,0,2,200
2026-09-22T07:26:20Z,0.0,0.02818745780419464,0,2,200
2026-09-22T07:26:20Z,0.0,0.027760979899394828,0,2,200
2026-09-22T07:26:20Z,0.0,0.019485652140486573,0,2,200
2026-09-22T07:26:20Z,0.0,0.02206733798637926,0,2,200
2026-09-22T07:26:20Z,0.0,0.09145644462683769,0,2,200
2026-09-22T07:26:20Z,0.0,0.06642231821755278,0,2,200
2026-09-22T07:26:20Z,0.0,0.5952993899604879,1,2,200
2026-09-22T07:26:20Z,0.0,0.02265707557836572,0,2,200
2026-09-22T07:26:20Z,0.0,0.05385820833561194,0,2,200
2026-09-22T07:26:20Z,0.0,0.03247385959961202,0,2,200
2026-09-22T07:26:20Z,0.0,0.013798967622332405,0,2,200
2026-09-22T07:26:20Z,0.0,0.10677210734532011,0,2,200
2026-09-22T07:26:20Z,0.0,0.026885011282095004,0,2,200
2026-09-22T07:26:20Z,0.0,0.04400362123871762,0,2,200
2026-09-22T07:26:20Z,0.0,0.25425390712555307,0,2,200
2026-09-22T07:26:20Z,0.0,0.4421605418692316,0,2,200
2026-09-22T07:26:20Z,0.0,0.013706292471514501,0,2,200
2026-09-22T07:26:20Z,0.0,0.08198296384620607,0,2,200
2026-09-22T07:26:20Z,0.0,0.02854475823274643,0,2,200
2026-09-22T07:26:20Z,0.0,0.013360595635445047,0,2,200
2026-09-22T07:26:20Z,0.0,0.09976977566837258,0,2,200
2026-09-22T07:26:20Z,0.0,0.13654103674267173,0,2,200
2026-09-22T07:26:20Z,0.0,0.14461160231424366,0,2,200
2026-09-22T07:26:20Z,1.0,0.5557349968022712,1,2,200
2026-09-22T07:26:20Z,0.0,0.16834510024571522,0,2,200
2026-09-22T07:26:20Z,0.0,0.283072743775018,0,2,200
2026-09-22T07:26:20Z,0.0,0.38991907859252295,0,2,200
2026-09-22T07:26:20Z,0.0,0.034969326106256166,0,2,200
2026-09-22T07:26:20Z,0.0,0.021157384092478585,0,2,200
2026-09-22T07:26:20Z,0.0,0.014273868585395859,0,2,200
2026-09-22T07:26:20Z,0.0,0.01867000091846589,0,2,200
2026-09-22T07:26:20Z,0.0,0.03248909504305357,0,2,200
2026-09-22T07:26:20Z,1.0,0.5427312911629124,1,2,200
2026-09-22T07:26:20Z,0.0,0.1346640376304559,0,2,200
2026-09-22T07:26:21Z,0.0,0.05385820833561194,0,2,200
2026-09-22T07:26:21Z,0.0,0.1124902346395094,0,2,200
2026-09-22T07:26:21Z,1.0,0.2187049242114281,0,2,200
2026-09-22T07:26:21Z,0.0,0.0540140748414853,0,2,200
2026-09-22T07:26:21Z,0.0,0.017315759642730598,0,2,200
2026-09-22T07:26:21Z,0.0,0.024829270760253142,0,2,200
2026-09-22T07:26:21Z,0.0,0.10046999358809412,0,2,200
2026-09-22T07:26:21Z,0.0,0.03255140751091589,0,2,200
2026-09-22T07:26:21Z,0.0,0.3678693075884491,0,2,200
2026-09-22T07:26:21Z,0.0,0.041021093547388504,0,2,200
2026-09-22T07:26:21Z,0.0,0.0471041521479518,0,2,200
2026-09-22T07:26:21Z,0.0,0.012851663173431864,0,2,200
2026-09-22T07:26:21Z,0.0,0.3088545593883525,0,2,200
2026-09-22T07:26:21Z,0.0,0.048488744095750255,0,2,200
2026-09-22T07:26:21Z,0.0,0.08349706695605047,0,2,200
2026-09-22T07:26:21Z,0.0,0.03156814604778222,0,2,200
2026-09-22T07:26:21Z,0.0,0.060340451199267314,0,2,200
2026-09-22T07:26:21Z,0.0,0.06335110653138176,0,2,200
2026-09-22T07:26:21Z,0.0,0.2106893482928767,0,2,200
2026-09-22T07:26:21Z,0.0,0.08113151285886337,0,2,200
2026-09-22T07:26:21Z,0.0,0.2953446542193474,0,2,200
2026-09-22T07:26:21Z,0.0,0.02571060268189562,0,2,200
2026-09-22T07:26:21Z,0.0,0.06617040229835741,0,2,200
2026-09-22T07:26:21Z,0.0,0.026579359735232205,0,2,200
2026-09-22T07:26:21Z,0.0,0.2005365982902856,0,2,200
2026-09-22T07:26:21Z,0.0,0.06038352960432854,0,2,200
2026-09-22T07:26:21Z,0.0,0.04440888166460403,0,2,200
2026-09-22T07:26:21Z,0.0,0.11470650823063164,0,2,200
2026-09-22T07:26:21Z,0.0,0.048629589151520755,0,2,200
2026-09-22T07:26:21Z,0.0,0.1265408505350203,0,2,200
2026-09-22T07:26:21Z,0.0,0.013862966609209416,0,2,200
2026-09-22T07:26:21Z,0.0,0.1793910758621011,0,2,200
2026-09-22T07:26:21Z,0.0,0.16467812666380194,0,2,200
2026-09-22T07:26:21Z,0.0,0.02365756626989165,0,2,200
2026-09-22T07:26:21Z,1.0,0.3230868488173445,0,2,200
2026-09-22T07:26:21Z,0.0,0.014008414619144333,0,2,200
2026-09-22T07:26:21Z,0.0,0.013629322318555128,0,2,200
2026-09-22T07:26:21Z,0.0,0.04349947690877275,0,2,200
2026-09-22T07:26:21Z,0.0,0.2109955628485559,0,2,200
2026-09-22T07:26:21Z,0.0,0.022244418448882884,0,2,200
2026-09-22T07:26:21Z,1.0,0.6068577106943612,1,2,200
2026-09-22T07:26:21Z,0.0,0.15734408346349515,0,2,200
2026-09-22T07:26:21Z,1.0,0.1252470856053506,0,2,200
2026-09-22T07:26:21Z,0.0,0.15824019413941756,0,2,200
2026-09-22T07:26:21Z,0.0,0.032726063228193526,0,2,200
2026-09-22T07:26:21Z,0.0,0.11576674644017328,0,2,200
2026-09-22T07:26:21Z,0.0,0.042456920371981156,0,2,200
2026-09-22T07:26:21Z,0.0,0.03830436795038769,0,2,200
2026-09-22T07:26:21Z,0.0,0.027596589805206805,0,2,200
2026-09-22T07:26:21Z,0.0,0.014410950007348775,0,2,200
2026-09-22T07:26:21Z,0.0,0.12267666914012437,0,2,200
2026-09-22T07:26:21Z,0.0,0.02405132414741478,0,2,200
2026-09-22T07:26:21Z,0.0,0.013634212777484524,0,2,200
2026-09-22T07:26:21Z,0.0,0.02184417086412519,0,2,200
2026-09-22T07:26:21Z,0.0,0.44870682784113747,0,2,200
2026-09-22T07:26:21Z,0.0,0.06335110653138176,0,2,200
2026-09-22T07:26:21Z,0.0,0.1568733239326246,0,2,200
2026-09-22T07:26:21Z,1.0,0.22833963625708228,0,2,200
2026-09-22T07:26:21Z,0.0,0.030414267518796025,0,2,200
2026-09-22T07:26:21Z,0.0,0.029253327149828902,0,2,200
2026-09-22T07:26:22Z,0.0,0.1165653180580585,0,4,200
2026-09-22T07:26:22Z,0.0,0.1709167118294663,0,4,200
2026-09-22T07:26:22Z,0.0,0.1113970205973513,0,4,200
2026-09-22T07:26:22Z,0.0,0.22198456927949492,0,4,200
2026-09-22T07:26:22Z,0.0,0.07074601352774049,0,4,200
2026-09-22T07:26:22Z,0.0,0.19241874901190387,0,4,200
2026-09-22T07:26:22Z,0.0,0.05351860459454612,0,4,200
2026-09-22T07:26:22Z,0.0,0.05351860459454612,0,4,200
2026-09-22T07:26:22Z,0.0,0.18823622872359871,0,4,200
2026-09-22T07:26:22Z,1.0,0.30060520269803825,0,4,200
2026-09-22T07:26:22Z,0.0,0.0655777160670333,0,4,200
2026-09-22T07:26:22Z,0.0,0.3338614879950035,0,4,200
2026-09-22T07:26:22Z,0.0,0.05351860459454612,0,4,200
2026-09-22T07:26:22Z,0.0,0.0655777160670333,0,4,200
2026-09-22T07:26:22Z,0.0,0.05351860459454612,0,4,200
2026-09-22T07:26:22Z,0.0,0.1113970205973513,0,4,200
2026-09-22T07:26:22Z,0.0,0.05351860459454612,0,4,200
2026-09-22T07:26:22Z,0.0,0.191719305106294,0,4,200
2026-09-22T07:26:22Z,0.0,0.1113970205973513,0,4,200
2026-09-22T07:26:22Z,0.0,0.05351860459454612,0,4,200
2026-09-22T07:26:22Z,0.0,0.014215565608196425,0,2,200
2026-09-22T07:26:22Z,0.0,0.0471041521479518,0,2,200
2026-09-22T07:26:22Z,1.0,0.46268649390098493,0,2,200
2026-09-22T07:26:22Z,0.0,0.4098440503883387,0,2,200
2026-09-22T07:26:22Z,0.0,0.037811714707974224,0,2,200
2026-09-22T07:26:22Z,0.0,0.06183076537941293,0,2,200
2026-09-22T07:26:22Z,0.0,0.0246287949080137,0,2,200
2026-09-22T07:26:22Z,1.0,0.40600349641447053,0,2,200
2026-09-22T07:26:22Z,0.0,0.14766857218143503,0,2,200
2026-09-22T07:26:22Z,0.0,0.10854084182443778,0,2,200
2026-09-22T07:26:22Z,0.0,0.1466311736749599,0,2,200
2026-09-22T07:26:22Z,0.0,0.01680433767268067,0,2,200
2026-09-22T07:26:22Z,1.0,0.02468354815499456,0,2,200
2026-09-22T07:26:22Z,0.0,0.05521174133284523,0,2,200
2026-09-22T07:26:22Z,1.0,0.48352308289238294,0,2,200
2026-09-22T07:26:22Z,0.0,0.01915251162165331,0,2,200
2026-09-22T07:26:22Z,1.0,0.07022149073364656,0,2,200
2026-09-22T07:26:22Z,0.0,0.02365954551511741,0,2,200
2026-09-22T07:26:22Z,0.0,0.025859366841130674,0,2,200
2026-09-22T07:26:22Z,0.0,0.0324435382468012,0,2,200
2026-09-22T07:26:22Z,0.0,0.290641819179596,0,2,200
2026-09-22T07:26:22Z,0.0,0.030414267518796025,0,2,200
2026-09-22T07:26:22Z,0.0,0.023241204702357944,0,2,200
2026-09-22T07:26:22Z,0.0,0.04349947690877275,0,2,200
2026-09-22T07:26:22Z,0.0,0.018827245316348287,0,2,200
2026-09-22T07:26:22Z,1.0,0.24195846118267272,0,2,200
2026-09-22T07:26:22Z,0.0,0.20012484497191899,0,2,200
2026-09-22T07:26:22Z,0.0,0.06390047985495986,0,2,200
2026-09-22T07:26:22Z,0.0,0.11779118586896578,0,2,200
2026-09-22T07:26:22Z,0.0,0.1419540005477347,0,2,200
2026-09-22T07:26:22Z,0.0,0.14348726370672507,0,2,200
2026-09-22T07:26:22Z,1.0,0.5427312911629124,1,2,200
2026-09-22T07:26:22Z,0.0,0.03758314415967872,0,2,200
2026-09-22T07:26:22Z,0.0,0.30267091820114195,0,2,200
2026-09-22T07:26:22Z,0.0,0.03156814604778222,0,2,200
2026-09-22T07:26:22Z,0.0,0.15769850160053053,0,2,200
2026-09-22T07:26:22Z,0.0,0.5016241863379214,1,2,200
2026-09-22T07:26:22Z,0.0,0.1295070793405043,0,2,200
2026-09-22T07:26:22Z,0.0,0.03220983717177755,0,2,200
2026-09-22T07:26:22Z,0.0,0.07801991600219832,0,2,200
2026-09-22T07:26:23Z,0.0,0.01295370217403335,0,2,200
2026-09-22T07:26:23Z,0.0,0.09829991586562035,0,2,200
2026-09-22T07:26:23Z,0.0,0.038154079018672085,0,2,200
2026-09-22T07:26:23Z,0.0,0.03666738375514718,0,2,200
2026-09-22T07:26:23Z,0.0,0.044373928627354495,0,2,200
2026-09-22T07:26:23Z,0.0,0.12269834744164095,0,2,200
2026-09-22T07:26:23Z,0.0,0.06477986674529031,0,2,200
2026-09-22T07:26:23Z,0.0,0.014109424874476584,0,2,200
2026-09-22T07:26:23Z,0.0,0.11011309993810876,0,2,200
2026-09-22T07:26:23Z,0.0,0.028457594260782416,0,2,200
2026-09-22T07:26:23Z,0.0,0.1662960398142156,0,2,200
2026-09-22T07:26:23Z,0.0,0.05182996955394909,0,2,200
2026-09-22T07:26:23Z,0.0,0.029081549870003002,0,2,200
2026-09-22T07:26:23Z,0.0,0.4800721602129166,0,2,200
2026-09-22T07:26:23Z,1.0,0.14383061526815513,0,2,200
2026-09-22T07:26:23Z,0.0,0.02319678987540043,0,2,200
2026-09-22T07:26:23Z,0.0,0.36825622985559525,0,2,200
2026-09-22T07:26:23Z,0.0,0.05233862162916299,0,2,200
2026-09-22T07:26:23Z,0.0,0.15887490713507524,0,2,200
2026-09-22T07:26:23Z,0.0,0.033043257954905064,0,2,200
2026-09-22T07:26:23Z,0.0,0.049896048059215416,0,2,200
2026-09-22T07:26:23Z,1.0,0.15234542226738126,0,2,200
2026-09-22T07:26:23Z,0.0,0.08162540999318825,0,2,200
2026-09-22T07:26:23Z,0.0,0.2606420271650677,0,2,200
2026-09-22T07:26:23Z,1.0,0.2315449762824311,0,2,200
2026-09-22T07:26:23Z,0.0,0.10313639102011982,0,2,200
2026-09-22T07:26:23Z,0.0,0.18394773652487792,0,2,200
2026-09-22T07:26:23Z,0.0,0.017602223540813478,0,2,200
2026-09-22T07:26:23Z,0.0,0.060729989421705516,0,2,200
2026-09-22T07:26:23Z,1.0,0.3252072463693333,0,2,200
2026-09-22T07:26:23Z,1.0,0.5074634283713659,1,2,200
2026-09-22T07:26:23Z,0.0,0.4866626981467852,0,2,200
2026-09-22T07:26:23Z,0.0,0.06328581141071632,0,2,200
2026-09-22T07:26:23Z,0.0,0.027983100089052894,0,2,200
2026-09-22T07:26:23Z,0.0,0.13709295001919344,0,2,200
2026-09-22T07:26:23Z,0.0,0.02622424077461752,0,2,200
2026-09-22T07:26:23Z,0.0,0.06540916068920749,0,2,200
2026-09-22T07:26:23Z,0.0,0.021132240118305046,0,2,200
2026-09-22T07:26:23Z,1.0,0.1481004530819407,0,2,200
2026-09-22T07:26:23Z,0.0,0.3324287522591521,0,2,200
2026-09-22T07:26:24Z,0.0,0.5397276940422744,1,2,200
2026-09-22T07:26:24Z,0.0,0.05134986912720074,0,2,200
2026-09-22T07:26:24Z,0.0,0.22858241412936875,0,2,200
2026-09-22T07:26:24Z,0.0,0.09997402959865782,0,2,200
2026-09-22T07:26:24Z,0.0,0.02989225567017641,0,2,200
2026-09-22T07:26:24Z,1.0,0.042527019238748964,0,2,200
2026-09-22T07:26:24Z,0.0,0.17220932971177677,0,2,200
2026-09-22T07:26:24Z,0.0,0.0768557930290689,0,2,200
2026-09-22T07:26:24Z,0.0,0.024567501027145323,0,2,200
2026-09-22T07:26:24Z,0.0,0.014008414619144333,0,2,200
2026-09-22T07:26:24Z,0.0,0.05039794829110694,0,2,200
2026-09-22T07:26:24Z,0.0,0.0293253066685719,0,2,200
2026-09-22T07:26:24Z,0.0,0.08346152204478026,0,2,200
2026-09-22T07:26:24Z,0.0,0.13206135755327006,0,2,200
2026-09-22T07:26:24Z,0.0,0.019323028908684654,0,2,200
2026-09-22T07:26:24Z,0.0,0.05009768971884093,0,2,200
2026-09-22T07:26:24Z,0.0,0.383480039320814,0,2,200
2026-09-22T07:26:24Z,0.0,0.11714297242693998,0,2,200
2026-09-22T07:26:24Z,0.0,0.02652819886742362,0,2,200
2026-09-22T07:26:24Z,1.0,0.2187049242114281,0,2,200
2026-09-22T07:26:24Z,0.0,0.2471037512855943,0,2,200
2026-09-22T07:26:24Z,0.0,0.11470650823063164,0,2,200
2026-09-22T07:26:24Z,0.0,0.2953446542193474,0,2,200
2026-09-22T07:26:24Z,0.0,0.019730480150883557,0,2,200
2026-09-22T07:26:24Z,0.0,0.0141599091187902,0,2,200
2026-09-22T07:26:24Z,0.0,0.11576674644017328,0,2,200
2026-09-22T07:26:24Z,0.0,0.1917987428596361,0,2,200
2026-09-22T07:26:24Z,0.0,0.07899740483880098,0,2,200
2026-09-22T07:26:24Z,0.0,0.1306868681556205,0,2,200
2026-09-22T07:26:24Z,0.0,0.02854475823274643,0,2,200
2026-09-22T07:26:24Z,0.0,0.02194372179067396,0,2,200
2026-09-22T07:26:24Z,0.0,0.15677008427388642,0,2,200
2026-09-22T07:26:24Z,0.0,0.01915251162165331,0,2,200
2026-09-22T07:26:24Z,0.0,0.1861327664586289,0,2,200
2026-09-22T07:26:24Z,0.0,0.047160777058547716,0,2,200
2026-09-22T07:26:24Z,0.0,0.04368406583696207,0,2,200
2026-09-22T07:26:24Z,0.0,0.028971547621907217,0,2,200
2026-09-22T07:26:24Z,0.0,0.05528310345105299,0,2,200
2026-09-22T07:26:24Z,0.0,0.041984200075256155,0,2,200
2026-09-22T07:26:24Z,0.0,0.01674208478779464,0,2,200
2026-09-22T07:26:24Z,0.0,0.10457794016198557,0,2,200
2026-09-22T07:26:24Z,0.0,0.08023738642635184,0,2,200
2026-09-22T07:26:24Z,0.0,0.1995017458136259,0,2,200
2026-09-22T07:26:24Z,0.0,0.017149665388777012,0,2,200
2026-09-22T07:26:24Z,1.0,0.3245001340876545,0,2,200
2026-09-22T07:26:24Z,0.0,0.06548597721085393,0,2,200
2026-09-22T07:26:24Z,0.0,0.018767502821361564,0,2,200
2026-09-22T07:26:24Z,0.0,0.07342379383162162,0,2,200
2026-09-22T07:26:24Z,1.0,0.40703536961912506,0,2,200
2026-09-22T07:26:24Z,0.0,0.04349947690877275,0,2,200
2026-09-22T07:26:24Z,0.0,0.16802609177238437,0,2,200
2026-09-22T07:26:24Z,1.0,0.35656257538581954,0,2,200
2026-09-22T07:26:24Z,0.0,0.0325798693747934,0,2,200
2026-09-22T07:26:24Z,0.0,0.044373928627354495,0,2,200
2026-09-22T07:26:24Z,0.0,0.16958811306138294,0,2,200
2026-09-22T07:26:24Z,0.0,0.03013775632783687,0,2,200
2026-09-22T07:26:24Z,0.0,0.0199768721865122,0,2,200
2026-09-22T07:26:24Z,0.0,0.13273734570231316,0,2,200
2026-09-22T07:26:24Z,0.0,0.07791684947377685,0,2,200
2026-09-22T07:26:24Z,0.0,0.03724029849853637,0,2,200
2026-09-22T07:26:25Z,0.0,0.05351860459454612,0,4,200
2026-09-22T07:26:25Z,0.0,0.0655777160670333,0,4,200
2026-09-22T07:26:25Z,0.0,0.05351860459454612,0,4,200
2026-09-22T07:26:25Z,0.0,0.1113970205973513,0,4,200
2026-09-22T07:26:25Z,1.0,0.18823622872359871,0,4,200
2026-09-22T07:26:25Z,0.0,0.1113970205973513,0,4,200
2026-09-22T07:26:25Z,0.0,0.05351860459454612,0,4,200
2026-09-22T07:26:25Z,0.0,0.057687748234724466,0,4,200
2026-09-22T07:26:25Z,0.0,0.09334575032759845,0,4,200
2026-09-22T07:26:25Z,0.0,0.18823622872359871,0,4,200
2026-09-22T07:26:25Z,0.0,0.1113970205973513,0,4,200
2026-09-22T07:26:25Z,0.0,0.1709167118294663,0,4,200
2026-09-22T07:26:25Z,0.0,0.057687748234724466,0,4,200
2026-09-22T07:26:25Z,1.0,0.19241874901190387,0,4,200
2026-09-22T07:26:25Z,1.0,0.3052971653226882,0,4,200
2026-09-22T07:26:25Z,0.0,0.057687748234724466,0,4,200
2026-09-22T07:26:25Z,0.0,0.05351860459454612,0,4,200
2026-09-22T07:26:25Z,0.0,0.11402282115592981,0,4,200
2026-09-22T07:26:25Z,0.0,0.05351860459454612,0,4,200
2026-09-22T07:26:25Z,0.0,0.0586869020552533,0,4,200
2026-09-22T07:26:25Z,0.0,0.035381075953434774,0,2,200
2026-09-22T07:26:25Z,0.0,0.13181479186536665,0,2,200
2026-09-22T07:26:25Z,0.0,0.06038352960432854,0,2,200
2026-09-22T07:26:25Z,0.0,0.019011484527583465,0,2,200
2026-09-22T07:26:25Z,0.0,0.02283433754749296,0,2,200
2026-09-22T07:26:25Z,0.0,0.01518909498833418,0,2,200
2026-09-22T07:26:25Z,0.0,0.13654103674267173,0,2,200
2026-09-22T07:26:25Z,0.0,0.019705208508517338,0,2,200
2026-09-22T07:26:25Z,0.0,0.12242758201607704,0,2,200
2026-09-22T07:26:25Z,1.0,0.569547648146095,1,2,200
2026-09-22T07:26:25Z,0.0,0.47910513028843893,0,2,200
2026-09-22T07:26:25Z,1.0,0.3911915744087691,0,2,200
2026-09-22T07:26:25Z,0.0,0.030835071596552834,0,2,200
2026-09-22T07:26:25Z,0.0,0.03327279093348199,0,2,200
2026-09-22T07:26:25Z,0.0,0.12564395686816088,0,2,200
2026-09-22T07:26:25Z,1.0,0.18748847068337962,0,2,200
2026-09-22T07:26:25Z,0.0,0.016554124423237244,0,2,200
2026-09-22T07:26:25Z,0.0,0.40707928619818246,0,2,200
2026-09-22T07:26:25Z,0.0,0.05011480631930152,0,2,200
2026-09-22T07:26:25Z,0.0,0.025422696992029908,0,2,200
2026-09-22T07:26:25Z,0.0,0.21047837088302054,0,2,200
2026-09-22T07:26:25Z,0.0,0.019705208508517338,0,2,200
2026-09-22T07:26:25Z,0.0,0.2754283610238609,0,2,200
2026-09-22T07:26:25Z,1.0,0.027173022233678613,0,2,200
2026-09-22T07:26:25Z,0.0,0.028068518768853745,0,2,200
2026-09-22T07:26:25Z,0.0,0.12315174842732692,0,2,200
2026-09-22T07:26:25Z,0.0,0.03339167204270777,0,2,200
2026-09-22T07:26:25Z,0.0,0.018098135786706788,0,2,200
2026-09-22T07:26:25Z,0.0,0.04265749807972332,0,2,200
2026-09-22T07:26:25Z,0.0,0.06534879943409105,0,2,200
2026-09-22T07:26:25Z,0.0,0.15646242721467288,0,2,200
2026-09-22T07:26:25Z,0.0,0.17216721721361114,0,2,200
2026-09-22T07:26:25Z,0.0,0.03513205833866046,0,2,200
2026-09-22T07:26:25Z,0.0,0.023127835415731046,0,2,200
2026-09-22T07:26:25Z,1.0,0.26663352667380585,0,2,200
2026-09-22T07:26:25Z,0.0,0.24116690809849226,0,2,200
2026-09-22T07:26:25Z,0.0,0.09976977566837258,0,2,200
2026-09-22T07:26:25Z,0.0,0.0722776662456775,0,2,200
2026-09-22T07:26:25Z,0.0,0.03156814604778222,0,2,200
2026-09-22T07:26:25Z,0.0,0.03249182356896238,0,2,200
2026-09-22T07:26:26Z,0.0,0.5560861622398108,1,2,200
2026-09-22T07:26:26Z,0.0,0.07023422201261835,0,2,200
2026-09-22T07:26:26Z,0.0,0.061401112785378985,0,2,200
2026-09-22T07:26:26Z,1.0,0.1793605566824026,0,2,200
2026-09-22T07:26:26Z,1.0,0.272672184649941,0,2,200
2026-09-22T07:26:26Z,0.0,0.019359572693892168,0,2,200
2026-09-22T07:26:26Z,0.0,0.03153358473130143,0,2,200
2026-09-22T07:26:26Z,0.0,0.02645537700892401,0,2,200
2026-09-22T07:26:26Z,0.0,0.028068518768853745,0,2,200
2026-09-22T07:26:26Z,0.0,0.10594532207356337,0,2,200
2026-09-22T07:26:26Z,0.0,0.07131002072598375,0,2,200
2026-09-22T07:26:26Z,0.0,0.054645607841571284,0,2,200
2026-09-22T07:26:26Z,1.0,0.622532456529563,1,2,200
2026-09-22T07:26:26Z,0.0,0.12535491707453825,0,2,200
2026-09-22T07:26:26Z,0.0,0.02504527867666016,0,2,200
2026-09-22T07:26:26Z,0.0,0.2109955628485559,0,2,200
2026-09-22T07:26:26Z,0.0,0.04281128007856566,0,2,200
2026-09-22T07:26:26Z,0.0,0.1738303967449231,0,2,200
2026-09-22T07:26:26Z,0.0,0.33398281540753744,0,2,200
2026-09-22T07:26:26Z,0.0,0.0228300443465232,0,2,200
